time,pos_x,pos_y,pos_z,rot_x,rot_y,rot_z
5.781961,-0.038914,0,-1.20411,0,359.4,0
5.822597,-0.041341,0,-0.972408,0,359.4,0
5.830927,-0.041341,0,-0.972408,0,359.4,0
5.834716,-0.041341,0,-0.972408,0,359.4,0
5.845591,-0.042409,0,-0.870352,0,359.4,0
5.855472,-0.042409,0,-0.870352,0,359.4,0
5.859989,-0.042409,0,-0.870352,0,359.4,0
5.864283,-0.043361,0,-0.779511,0,359.4,0
5.869039,-0.043361,0,-0.779511,0,359.4,0
5.874087,-0.043361,0,-0.779511,0,359.4,0
5.89047,-0.044148,0,-0.704382,0,359.4,0
5.897614,-0.044148,0,-0.704382,0,359.3333,0
5.902692,-0.044936,0,-0.636586,0,359.3111,0
5.908088,-0.044936,0,-0.636586,0,359.237,0
5.91203,-0.044936,0,-0.636586,0,359.2123,0
5.917282,-0.044936,0,-0.636586,0,359.1375,0
5.921709,-0.045785,0,-0.580203,0,359.1125,0
5.926686,-0.045785,0,-0.580203,0,359.0375,0
5.931332,-0.045785,0,-0.580203,0,358.9458,0
5.93647,-0.045785,0,-0.580203,0,358.8486,0
5.941628,-0.046678,0,-0.535773,0,358.6829,0
5.946918,-0.046678,0,-0.535773,0,358.5609,0
5.95156,-0.046678,0,-0.535773,0,358.4536,0
5.956026,-0.046678,0,-0.535773,0,358.2845,0
5.96069,-0.047666,0,-0.502786,0,358.1615,0
5.966788,-0.047666,0,-0.502786,0,358.0538,0
5.97252,-0.047666,0,-0.502786,0,357.8846,0
5.977443,-0.047666,0,-0.502786,0,357.8282,0
5.981949,-0.048433,0,-0.482555,0,357.7427,0
5.987216,-0.048433,0,-0.482555,0,357.6476,0
5.992113,-0.048433,0,-0.482555,0,357.6158,0
5.997082,-0.048433,0,-0.482555,0,357.5386,0
6.001603,-0.048796,0,-0.474109,0,357.4462,0
6.006911,-0.048796,0,-0.474109,0,357.4154,0
6.012136,-0.048796,0,-0.474109,0,357.2718,0
6.01615,-0.048796,0,-0.474109,0,357.2239,0
6.021062,-0.048796,0,-0.474109,0,357.0746,0
6.026559,-0.048796,0,-0.474109,0,356.8915,0
6.030692,-0.048796,0,-0.474109,0,356.6972,0
6.035234,-0.048796,0,-0.474109,0,356.4991,0
6.040165,-0.048796,0,-0.474109,0,356.233,0
6.045716,-0.048796,0,-0.474109,0,355.8777,0
6.050029,-0.048796,0,-0.474109,0,355.4926,0
6.055243,-0.048796,0,-0.474109,0,355.0309,0
6.060163,-0.048796,0,-0.474109,0,354.5436,0
6.065116,-0.048796,0,-0.474109,0,353.9146,0
6.07035,-0.048796,0,-0.474109,0,353.3048,0
6.075488,-0.048796,0,-0.474109,0,352.6349,0
6.080182,-0.048796,0,-0.474109,0,351.8116,0
6.085323,-0.048796,0,-0.474109,0,350.9372,0
6.090234,-0.048796,0,-0.474109,0,350.0457,0
6.094789,-0.048796,0,-0.474109,0,349.0819,0
6.099691,-0.048796,0,-0.474109,0,347.894,0
6.105029,-0.048796,0,-0.474109,0,346.3647,0
6.110747,-0.048796,0,-0.474109,0,344.7216,0
6.115489,-0.048796,0,-0.474109,0,343.1072,0
6.12012,-0.048796,0,-0.474109,0,341.5024,0
6.125777,-0.048796,0,-0.474109,0,339.7008,0
6.131012,-0.048796,0,-0.474109,0,337.6336,0
6.135824,-0.048796,0,-0.474109,0,335.8779,0
6.140646,-0.048796,0,-0.474109,0,333.9593,0
6.146219,-0.048796,0,-0.474109,0,331.7198,0
6.151219,-0.048796,0,-0.474109,0,329.7733,0
6.155487,-0.048796,0,-0.474109,0,328.1244,0
6.16049,-0.048796,0,-0.474109,0,326.1748,0
6.166044,-0.048796,0,-0.474109,0,323.9916,0
6.170974,-0.048796,0,-0.474109,0,321.7972,0
6.175957,-0.048796,0,-0.474109,0,319.5991,0
6.181452,-0.048796,0,-0.474109,0,317.5997,0
6.189374,-0.048796,0,-0.474109,0,314.7999,0
6.197025,-0.048796,0,-0.474109,0,311.8666,0
6.20232,-0.048796,0,-0.474109,0,309.7556,0
6.207937,-0.048796,0,-0.474109,0,307.7852,0
6.21322,-0.048796,0,-0.474109,0,306.195,0
6.218266,-0.048796,0,-0.474109,0,304.665,0
6.222942,-0.048796,0,-0.474109,0,303.4217,0
6.228467,-0.048796,0,-0.474109,0,302.2072,0
6.233337,-0.048796,0,-0.474109,0,301.0691,0
6.238068,-0.048796,0,-0.474109,0,300.023,0
6.24305,-0.048796,0,-0.474109,0,298.941,0
6.248636,-0.048796,0,-0.474109,0,297.847,0
6.253685,-0.048796,0,-0.474109,0,296.949,0
6.258168,-0.048796,0,-0.474109,0,295.9163,0
6.26349,-0.048796,0,-0.474109,0,294.9054,0
6.269254,-0.048796,0,-0.474109,0,293.8351,0
6.274225,-0.048796,0,-0.474109,0,292.8784,0
6.279138,-0.048796,0,-0.474109,0,291.9594,0
6.284477,-0.048796,0,-0.474109,0,291.1198,0
6.290176,-0.048796,0,-0.474109,0,290.3066,0
6.295107,-0.048796,0,-0.474109,0,289.6355,0
6.300493,-0.048796,0,-0.474109,0,289.0785,0
6.305931,-0.048796,0,-0.474109,0,288.5595,0
6.310946,-0.048796,0,-0.474109,0,288.1865,0
6.315949,-0.048796,0,-0.474109,0,287.8622,0
6.320797,-0.048796,0,-0.474109,0,287.6207,0
6.327049,-0.048796,0,-0.474109,0,287.3402,0
6.332449,-0.048796,0,-0.474109,0,287.1134,0
6.337399,-0.048796,0,-0.474109,0,286.9044,0
6.342224,-0.048796,0,-0.474109,0,286.6348,0
6.347549,-0.048796,0,-0.474109,0,286.3449,0
6.352935,-0.048796,0,-0.474109,0,285.9816,0
6.357856,-0.048796,0,-0.474109,0,285.6606,0
6.362636,-0.048796,0,-0.474109,0,285.3535,0
6.368109,-0.048796,0,-0.474109,0,285.0512,0
6.373528,-0.048796,0,-0.474109,0,284.817,0
6.378059,-0.048796,0,-0.474109,0,284.6057,0
6.383183,-0.048796,0,-0.474109,0,284.4019,0
6.388444,-0.048796,0,-0.474109,0,284.2673,0
6.393199,-0.048796,0,-0.474109,0,284.0891,0
6.397493,-0.048796,0,-0.474109,0,283.8964,0
6.402317,-0.048796,0,-0.474109,0,283.7654,0
6.408047,-0.048796,0,-0.474109,0,283.4551,0
6.413167,-0.048796,0,-0.474109,0,283.085,0
6.417863,-0.048796,0,-0.474109,0,282.695,0
6.423113,-0.048796,0,-0.474109,0,282.2983,0
6.429161,-0.048796,0,-0.474109,0,281.6994,0
6.434142,-0.048796,0,-0.474109,0,280.9665,0
6.439125,-0.048796,0,-0.474109,0,280.2555,0
6.444227,-0.048796,0,-0.474109,0,279.4851,0
6.449739,-0.048796,0,-0.474109,0,278.695,0
6.454326,-0.048796,0,-0.474109,0,277.8317,0
6.459977,-0.048796,0,-0.474109,0,276.7439,0
6.465158,-0.048796,0,-0.474109,0,275.9146,0
6.472754,-0.048796,0,-0.474109,0,274.7049,0
6.478397,-0.048796,0,-0.474109,0,273.7683,0
6.484017,-0.048796,0,-0.474109,0,272.7227,0
6.48993,-0.048796,0,-0.474109,0,271.7742,0
6.494758,-0.048796,0,-0.474109,0,270.7247,0
6.500309,-0.048796,0,-0.474109,0,269.7749,0
6.506194,-0.048796,0,-0.474109,0,268.725,0
6.511519,-0.048796,0,-0.474109,0,267.8416,0
6.516114,-0.048796,0,-0.474109,0,266.8806,0
6.521013,-0.048796,0,-0.474109,0,265.9602,0
6.526373,-0.048796,0,-0.474109,0,265.1201,0
6.531098,-0.048796,0,-0.474109,0,264.1733,0
6.536282,-0.048796,0,-0.474109,0,263.3245,0
6.541398,-0.048796,0,-0.474109,0,262.5748,0
6.547049,-0.048796,0,-0.474109,0,261.7249,0
6.551698,-0.048796,0,-0.474109,0,261.0416,0
6.556472,-0.048796,0,-0.474109,0,260.4805,0
6.562301,-0.048796,0,-0.474109,0,259.6935,0
6.568038,-0.048796,0,-0.474109,0,259.0312,0
6.573188,-0.048796,0,-0.474109,0,258.3437,0
6.577913,-0.048796,0,-0.474109,0,257.8479,0
6.583037,-0.048796,0,-0.474109,0,257.3493,0
6.58846,-0.048796,0,-0.474109,0,256.8497,0
6.593153,-0.048796,0,-0.474109,0,256.3499,0
6.597923,-0.048796,0,-0.474109,0,255.9166,0
6.603104,-0.048796,0,-0.474109,0,255.5055,0
6.608173,-0.048796,0,-0.474109,0,255.2352,0
6.612966,-0.048796,0,-0.474109,0,254.9451,0
6.617754,-0.048796,0,-0.474109,0,254.7817,0
6.622452,-0.048796,0,-0.474109,0,254.5939,0
6.626976,-0.048796,0,-0.474109,0,254.5313,0
6.631662,-0.048796,0,-0.474109,0,254.4437,0
6.635856,-0.048796,0,-0.474109,0,254.4146,0
6.640208,-0.048796,0,-0.474109,0,254.4048,0
6.644964,-0.048796,0,-0.474109,0,254.4016,0
6.649543,-0.048796,0,-0.474109,0,254.4005,0
6.653882,-0.048796,0,-0.474109,0,254.4002,0
6.658227,-0.048796,0,-0.474109,0,254.4,0
6.662125,-0.048796,0,-0.474109,0,254.4,0
6.667029,-0.048796,0,-0.474109,0,254.4,0
6.672271,-0.048796,0,-0.474109,0,254.3333,0
6.676659,-0.048796,0,-0.474109,0,254.3111,0
6.682224,-0.048796,0,-0.474109,0,254.237,0
6.687371,-0.048796,0,-0.474109,0,254.1457,0
6.691885,-0.048796,0,-0.474109,0,253.9819,0
6.696303,-0.048796,0,-0.474109,0,253.8606,0
6.701108,-0.048796,0,-0.474109,0,253.6202,0
6.706271,-0.048796,0,-0.474109,0,253.4067,0
6.710668,-0.048796,0,-0.474109,0,253.2689,0
6.715894,-0.048796,0,-0.474109,0,253.0229,0
6.721218,-0.048796,0,-0.474109,0,252.8076,0
6.727723,-0.048796,0,-0.474109,0,252.5358,0
6.732551,-0.048796,0,-0.474109,0,252.3786,0
6.737677,-0.048796,0,-0.474109,0,252.1262,0
6.742689,-0.048796,0,-0.474109,0,251.842,0
6.748303,-0.048796,0,-0.474109,0,251.5473,0
6.752781,-0.048796,0,-0.474109,0,251.3158,0
6.758073,-0.048796,0,-0.474109,0,251.0386,0
6.764726,-0.048264,0,-0.475657,0,250.7462,0
6.771277,-0.048264,0,-0.475657,0,250.4487,0
6.77722,-0.048264,0,-0.475657,0,250.0829,0
6.782345,-0.044106,0,-0.487136,0,249.761,0
6.787694,-0.044106,0,-0.487136,0,249.5203,0
6.79253,-0.044106,0,-0.487136,0,249.2401,0
6.797672,-0.044106,0,-0.487136,0,248.8134,0
6.802981,-0.035218,0,-0.510064,0,248.4044,0
6.807999,-0.035218,0,-0.510064,0,248.0015,0
6.813023,-0.035218,0,-0.510064,0,247.5338,0
6.818241,-0.035218,0,-0.510064,0,247.1113,0
6.823041,-0.020973,0,-0.543806,0,246.7037,0
6.827872,-0.020973,0,-0.543806,0,246.3012,0
6.833424,-0.020973,0,-0.543806,0,245.8337,0
6.838387,-0.020973,0,-0.543806,0,245.4779,0
6.842875,-0.000833,0,-0.587955,0,245.1593,0
6.848229,-0.000833,0,-0.587955,0,244.9198,0
6.853112,-0.000833,0,-0.587955,0,244.6399,0
6.857612,-0.000833,0,-0.587955,0,244.4799,0
6.862113,0.025047,0,-0.642164,0,244.2933,0
6.867465,0.025047,0,-0.642164,0,244.1644,0
6.872131,0.025047,0,-0.642164,0,243.9881,0
6.876999,0.025047,0,-0.642164,0,243.8627,0
6.881807,0.056714,0,-0.706698,0,243.7542,0
6.887232,0.056714,0,-0.706698,0,243.6514,0
6.891575,0.056714,0,-0.706698,0,243.5504,0
6.896245,0.056714,0,-0.706698,0,243.4501,0
6.901138,0.09403,0,-0.781379,0,243.2834,0
6.906048,0.09403,0,-0.781379,0,243.1611,0
6.910653,0.09403,0,-0.781379,0,243.0537,0
6.915493,0.09403,0,-0.781379,0,242.9512,0
6.920051,0.137155,0,-0.865838,0,242.8504,0
6.925688,0.137155,0,-0.865838,0,242.7501,0
6.937362,0.137155,0,-0.865838,0,242.65,0
6.946406,0.173458,0,-0.936023,0,242.6167,0
6.962162,0.197341,0,-1.002018,0,242.6055,0
6.96889,0.197341,0,-1.002018,0,242.6018,0
6.973163,0.197341,0,-1.002018,0,242.6006,0
6.97745,0.197341,0,-1.002018,0,242.6002,0
6.981291,0.206234,0,-1.062982,0,242.6,0
6.986179,0.206234,0,-1.062982,0,242.6,0
6.990206,0.206234,0,-1.062982,0,242.6,0
6.994165,0.206234,0,-1.062982,0,242.6,0
6.998707,0.206234,0,-1.062982,0,242.6,0
7.003239,0.198059,0,-1.118316,0,242.5333,0
7.008241,0.198059,0,-1.118316,0,242.5111,0
7.013501,0.198059,0,-1.118316,0,242.437,0
7.0182,0.198059,0,-1.118316,0,242.279,0
7.022484,0.175236,0,-1.169028,0,242.1596,0
7.027517,0.175236,0,-1.169028,0,241.9199,0
7.032316,0.175236,0,-1.169028,0,241.7066,0
7.037218,0.175236,0,-1.169028,0,241.4355,0
7.042076,0.137758,0,-1.215692,0,241.1452,0
7.048093,0.137758,0,-1.215692,0,240.8484,0
7.052744,0.137758,0,-1.215692,0,240.6161,0
7.056946,0.137758,0,-1.215692,0,240.4053,0
7.061944,0.085247,0,-1.258909,0,240.2684,0
7.067351,0.085247,0,-1.258909,0,240.0228,0
7.07166,0.085247,0,-1.258909,0,239.8076,0
7.076726,0.085247,0,-1.258909,0,239.6025,0
7.081971,0.017137,0,-1.298904,0,239.4008,0
7.086721,0.017137,0,-1.298904,0,239.2003,0
7.091425,0.017137,0,-1.298904,0,238.9334,0
7.096754,0.017137,0,-1.298904,0,238.6445,0
7.102125,-0.060638,0,-1.346295,0,238.3481,0
7.107506,-0.060638,0,-1.346295,0,237.9827,0
7.112301,-0.060638,0,-1.346295,0,237.6609,0
7.117311,-0.060638,0,-1.346295,0,237.3536,0
7.122581,-0.14766,0,-1.402048,0,237.1179,0
7.127497,-0.14766,0,-1.402048,0,236.7726,0
7.132158,-0.14766,0,-1.402048,0,236.5242,0
7.136992,-0.14766,0,-1.402048,0,236.308,0
7.1412,-0.242946,0,-1.465576,0,236.1027,0
7.146152,-0.242946,0,-1.465576,0,235.9009,0
7.151199,-0.242946,0,-1.465576,0,235.7003,0
7.155448,-0.242946,0,-1.465576,0,235.5001,0
7.160027,-0.346636,0,-1.53684,0,235.2333,0
7.165585,-0.346636,0,-1.53684,0,235.0111,0
7.170066,-0.346636,0,-1.53684,0,234.737,0
7.174719,-0.346636,0,-1.53684,0,234.4456,0
7.179702,-0.346636,0,-1.53684,0,234.1485,0
7.184561,-0.460547,0,-1.619151,0,233.9162,0
7.189621,-0.460547,0,-1.619151,0,233.6387,0
7.194613,-0.460547,0,-1.619151,0,233.4796,0
7.19921,-0.460547,0,-1.619151,0,233.2932,0
7.203465,-0.58231,0,-1.709933,0,233.1644,0
7.207906,-0.58231,0,-1.709933,0,233.1214,0
7.212518,-0.58231,0,-1.709933,0,233.1071,0
7.217085,-0.58231,0,-1.709933,0,233.0357,0
7.221355,-0.712242,0,-1.807716,0,233.0119,0
7.226086,-0.712242,0,-1.807716,0,233.004,0
7.229928,-0.712242,0,-1.807716,0,233.0013,0
7.234421,-0.712242,0,-1.807716,0,233.0004,0
7.23828,-0.712242,0,-1.807716,0,233.0001,0
7.242606,-0.852295,0,-1.913254,0,233,0
7.247264,-0.852295,0,-1.913254,0,233,0
7.25114,-0.852295,0,-1.913254,0,233,0
7.255343,-0.852295,0,-1.913254,0,233,0
7.259122,-0.852295,0,-1.913254,0,233,0
7.263187,-1.00221,0,-2.026223,0,233,0
7.267748,-1.00221,0,-2.026223,0,233,0
7.271939,-1.00221,0,-2.026223,0,233,0
7.276536,-1.00221,0,-2.026223,0,233,0
7.281419,-1.160057,0,-2.145169,0,233,0
7.286144,-1.160057,0,-2.145169,0,233,0
7.291019,-1.160057,0,-2.145169,0,233,0
7.295123,-1.160057,0,-2.145169,0,233,0
7.299327,-1.160057,0,-2.145169,0,233,0
7.303903,-1.317904,0,-2.264115,0,233,0
7.307908,-1.317904,0,-2.264115,0,233,0
7.312269,-1.317904,0,-2.264115,0,233,0
7.316466,-1.317904,0,-2.264115,0,233,0
7.32056,-1.47575,0,-2.383061,0,233,0
7.324978,-1.47575,0,-2.383061,0,233,0
7.328688,-1.47575,0,-2.383061,0,233,0
7.332981,-1.47575,0,-2.383061,0,233,0
7.337103,-1.47575,0,-2.383061,0,233,0
7.341476,-1.633597,0,-2.502007,0,232.9333,0
7.34645,-1.633597,0,-2.502007,0,232.7778,0
7.35093,-1.633597,0,-2.502007,0,232.6592,0
7.355316,-1.633597,0,-2.502007,0,232.3531,0
7.360175,-1.790091,0,-2.622728,0,231.9844,0
7.365386,-1.790091,0,-2.622728,0,231.4615,0
7.370073,-1.790091,0,-2.622728,0,231.0205,0
7.375161,-1.790091,0,-2.622728,0,230.5402,0
7.38045,-1.942687,0,-2.748339,0,229.9801,0
7.385429,-1.942687,0,-2.748339,0,229.3934,0
7.391372,-1.942687,0,-2.748339,0,228.5978,0
7.396062,-1.942687,0,-2.748339,0,227.7993,0
7.401102,-2.089102,0,-2.881103,0,226.8664,0
7.407443,-2.089102,0,-2.881103,0,225.9555,0
7.411639,-2.089102,0,-2.881103,0,225.1185,0
7.417625,-2.089102,0,-2.881103,0,224.1729,0
7.422379,-2.226827,0,-3.022862,0,223.2576,0
7.428468,-2.226827,0,-3.022862,0,222.2859,0
7.432795,-2.226827,0,-3.022862,0,221.4286,0
7.437296,-2.226827,0,-3.022862,0,220.7429,0
7.443035,-2.355823,0,-3.172608,0,220.0476,0
7.447907,-2.355823,0,-3.172608,0,219.3492,0
7.452247,-2.355823,0,-3.172608,0,218.8497,0
7.457114,-2.355823,0,-3.172608,0,218.2166,0
7.46136,-2.478094,0,-3.327894,0,217.8055,0
7.46736,-2.478094,0,-3.327894,0,217.1352,0
7.472211,-2.478094,0,-3.327894,0,216.4451,0
7.477395,-2.478094,0,-3.327894,0,215.815,0
7.481707,-2.59375,0,-3.488167,0,215.2717,0
7.487444,-2.59375,0,-3.488167,0,214.5572,0
7.492011,-2.59375,0,-3.488167,0,214.0524,0
7.496287,-2.59375,0,-3.488167,0,213.6175,0
7.501532,-2.703176,0,-3.652756,0,213.2058,0
7.50703,-2.703176,0,-3.652756,0,212.7353,0
7.513338,-2.703176,0,-3.652756,0,212.3118,0
7.517879,-2.703176,0,-3.652756,0,212.0372,0
7.522205,-2.808021,0,-3.820301,0,211.7457,0
7.527453,-2.808021,0,-3.820301,0,211.5152,0
7.53204,-2.808021,0,-3.820301,0,211.3717,0
7.536998,-2.808021,0,-3.820301,0,211.1906,0
7.541087,-2.910379,0,-3.989377,0,211.1302,0
7.548393,-2.910379,0,-3.989377,0,211.0434,0
7.555511,-2.910379,0,-3.989377,0,210.9478,0
7.561413,-3.012019,0,-4.158885,0,210.9159,0
7.566017,-3.012019,0,-4.158885,0,210.9053,0
7.569951,-3.012019,0,-4.158885,0,210.9018,0
7.574479,-3.012019,0,-4.158885,0,210.9006,0
7.578316,-3.012019,0,-4.158885,0,210.9002,0
7.583385,-3.113519,0,-4.328477,0,210.9001,0
7.587945,-3.113519,0,-4.328477,0,210.9,0
7.591892,-3.113519,0,-4.328477,0,210.9,0
7.596178,-3.113519,0,-4.328477,0,210.9,0
7.600321,-3.215018,0,-4.49807,0,210.9,0
7.604874,-3.215018,0,-4.49807,0,210.9,0
7.609774,-3.215018,0,-4.49807,0,210.9,0
7.613549,-3.215018,0,-4.49807,0,210.9,0
7.61783,-3.215018,0,-4.49807,0,210.9,0
7.622114,-3.316517,0,-4.667663,0,210.9,0
7.626457,-3.316517,0,-4.667663,0,210.9,0
7.631933,-3.316517,0,-4.667663,0,210.9,0
7.635891,-3.316517,0,-4.667663,0,210.9,0
7.639786,-3.316517,0,-4.667663,0,210.9,0
7.643965,-3.418016,0,-4.837256,0,210.9,0
7.648668,-3.418016,0,-4.837256,0,210.9,0
7.653186,-3.418016,0,-4.837256,0,210.9,0
7.657843,-3.418016,0,-4.837256,0,210.9,0
7.661743,-3.519516,0,-5.006849,0,210.9,0
7.667019,-3.519516,0,-5.006849,0,210.8333,0
7.671156,-3.519516,0,-5.006849,0,210.8111,0
7.675484,-3.519516,0,-5.006849,0,210.8037,0
7.680953,-3.620729,0,-5.176612,0,210.8013,0
7.68578,-3.620729,0,-5.176612,0,210.8004,0
7.689629,-3.620729,0,-5.176612,0,210.8002,0
7.694063,-3.620729,0,-5.176612,0,210.8001,0
7.698155,-3.620729,0,-5.176612,0,210.8,0
7.701808,-3.721933,0,-5.346382,0,210.8,0
7.707075,-3.721933,0,-5.346382,0,210.8,0
7.711512,-3.721933,0,-5.346382,0,210.8,0
7.715392,-3.721933,0,-5.346382,0,210.8,0
7.719674,-3.721933,0,-5.346382,0,210.8,0
7.723615,-3.823136,0,-5.516151,0,210.8,0
7.7288,-3.823136,0,-5.516151,0,210.8,0
7.732609,-3.823136,0,-5.516151,0,210.8,0
7.736526,-3.823136,0,-5.516151,0,210.8,0
7.741382,-3.924339,0,-5.68592,0,210.8667,0
7.745512,-3.924339,0,-5.68592,0,210.8889,0
7.749792,-3.924339,0,-5.68592,0,210.963,0
7.755014,-3.924339,0,-5.68592,0,211.0543,0
7.759047,-3.924339,0,-5.68592,0,211.1514,0
7.763356,-4.026581,0,-5.855066,0,211.2505,0
7.768235,-4.026581,0,-5.855066,0,211.4168,0
7.772264,-4.026581,0,-5.855066,0,211.6056,0
7.777404,-4.026581,0,-5.855066,0,211.8019,0
7.781877,-4.130737,0,-6.02304,0,212.0006,0
7.786889,-4.130737,0,-6.02304,0,212.4002,0
7.791304,-4.130737,0,-6.02304,0,212.7334,0
7.796032,-4.130737,0,-6.02304,0,213.1111,0
7.802297,-4.238704,0,-6.18859,0,213.6371,0
7.807152,-4.238704,0,-6.18859,0,214.079,0
7.812333,-4.238704,0,-6.18859,0,214.6263,0
7.817695,-4.238704,0,-6.18859,0,215.2088,0
7.823503,-4.352658,0,-6.350078,0,216.0029,0
7.829458,-4.352658,0,-6.350078,0,216.7343,0
7.834165,-4.352658,0,-6.350078,0,217.6448,0
7.839159,-4.352658,0,-6.350078,0,218.3483,0
7.843785,-4.475285,0,-6.505082,0,219.0494,0
7.849382,-4.475285,0,-6.505082,0,219.9498,0
7.854294,-4.475285,0,-6.505082,0,220.7833,0
7.859447,-4.475285,0,-6.505082,0,221.5945,0
7.863892,-4.606493,0,-6.652894,0,222.3982,0
7.86923,-4.606493,0,-6.652894,0,222.9994,0
7.874289,-4.606493,0,-6.652894,0,223.4665,0
7.878763,-4.606493,0,-6.652894,0,223.8222,0
7.883183,-4.743347,0,-6.795493,0,224.1407,0
7.888418,-4.743347,0,-6.795493,0,224.4469,0
7.893628,-4.743347,0,-6.795493,0,224.6823,0
7.898424,-4.743347,0,-6.795493,0,224.8941,0
7.903093,-4.882845,0,-6.935508,0,225.0314,0
7.908279,-4.882845,0,-6.935508,0,225.1438,0
7.912611,-4.882845,0,-6.935508,0,225.2479,0
7.91751,-4.882845,0,-6.935508,0,225.3493,0
7.922643,-5.023451,0,-7.074409,0,225.3831,0
7.927273,-5.023451,0,-7.074409,0,225.3944,0
7.931124,-5.023451,0,-7.074409,0,225.3981,0
7.935337,-5.023451,0,-7.074409,0,225.3994,0
7.939394,-5.023451,0,-7.074409,0,225.4665,0
7.943992,-5.16434,0,-7.213024,0,225.4888,0
7.949902,-5.16434,0,-7.213024,0,225.4963,0
7.953786,-5.16434,0,-7.213024,0,225.4987,0
7.95799,-5.16434,0,-7.213024,0,225.4996,0
7.96206,-5.30531,0,-7.351556,0,225.4999,0
7.967083,-5.30531,0,-7.351556,0,225.5,0
7.971197,-5.30531,0,-7.351556,0,225.5,0
7.975198,-5.30531,0,-7.351556,0,225.5,0
7.979531,-5.30531,0,-7.351556,0,225.5,0
7.984543,-5.446281,0,-7.490088,0,225.5667,0
7.989418,-5.446281,0,-7.490088,0,225.6555,0
7.995402,-5.446281,0,-7.490088,0,225.8852,0
8.000299,-5.58818,0,-7.627669,0,226.1617,0
8.005706,-5.58818,0,-7.627669,0,226.5206,0
8.010823,-5.58818,0,-7.627669,0,226.8402,0
8.019057,-5.58818,0,-7.627669,0,227.5467,0
8.025361,-5.734008,0,-7.761077,0,228.1822,0
8.030033,-5.734008,0,-7.761077,0,228.6607,0
8.034688,-5.734008,0,-7.761077,0,229.0202,0
8.0398,-5.734008,0,-7.761077,0,229.4067,0
8.043983,-5.884089,0,-7.889682,0,229.8022,0
8.055057,-5.884089,0,-7.889682,0,230.2007,0
8.063602,-6.035939,0,-8.016195,0,230.8002,0
8.079867,-6.035939,0,-8.016195,0,231.5334,0
8.084327,-6.19069,0,-8.139142,0,232.7111,0
8.089867,-6.19069,0,-8.139142,0,233.5037,0
8.094136,-6.19069,0,-8.139142,0,233.9679,0
8.098393,-6.19069,0,-8.139142,0,234.3893,0
8.103095,-6.351374,0,-8.254226,0,234.7297,0
8.108522,-6.351374,0,-8.254226,0,235.1099,0
8.114305,-6.351374,0,-8.254226,0,235.5699,0
8.119067,-6.351374,0,-8.254226,0,235.9233,0
8.123696,-6.515081,0,-8.364967,0,236.3077,0
8.128743,-6.515081,0,-8.364967,0,236.7026,0
8.133012,-6.515081,0,-8.364967,0,237.1008,0
8.138406,-6.515081,0,-8.364967,0,237.5669,0
8.142857,-6.681898,0,-8.470967,0,237.989,0
8.147801,-6.681898,0,-8.470967,0,238.3963,0
8.152234,-6.681898,0,-8.470967,0,238.7321,0
8.157124,-6.681898,0,-8.470967,0,239.1107,0
8.162681,-6.851509,0,-8.572434,0,239.5035,0
8.167502,-6.851509,0,-8.572434,0,239.8345,0
8.172361,-6.851509,0,-8.572434,0,240.1448,0
8.177311,-6.851509,0,-8.572434,0,240.5149,0
8.18139,-7.023556,0,-8.669715,0,240.7716,0
8.186969,-7.023556,0,-8.669715,0,241.0572,0
8.191871,-7.023556,0,-8.669715,0,241.2857,0
8.195988,-7.023556,0,-8.669715,0,241.4952,0
8.200513,-7.197243,0,-8.764038,0,241.6317,0
8.205535,-7.197243,0,-8.764038,0,241.8105,0
8.209955,-7.197243,0,-8.764038,0,241.8702,0
8.214053,-7.197243,0,-8.764038,0,241.89,0
8.217994,-7.197243,0,-8.764038,0,241.8967,0
8.222435,-7.371586,0,-8.857141,0,241.8989,0
8.227091,-7.371586,0,-8.857141,0,241.8996,0
8.230897,-7.371586,0,-8.857141,0,241.8998,0
8.235792,-7.371586,0,-8.857141,0,241.8999,0
8.239829,-7.371586,0,-8.857141,0,241.8999,0
8.243728,-7.545934,0,-8.950235,0,241.9,0
8.248341,-7.545934,0,-8.950235,0,241.9,0
8.252613,-7.545934,0,-8.950235,0,241.9,0
8.257831,-7.545934,0,-8.950235,0,241.9,0
8.262094,-7.720283,0,-9.043329,0,241.9,0
8.267299,-7.720283,0,-9.043329,0,241.9666,0
8.271601,-7.720283,0,-9.043329,0,242.0555,0
8.27623,-7.720283,0,-9.043329,0,242.1518,0
8.281381,-7.895039,0,-9.135655,0,242.3172,0
8.286155,-7.895039,0,-9.135655,0,242.5057,0
8.290915,-7.895039,0,-9.135655,0,242.7686,0
8.295532,-7.895039,0,-9.135655,0,242.9895,0
8.299669,-7.895039,0,-9.135655,0,243.1965,0
8.304971,-8.071449,0,-9.22478,0,243.3988,0
8.31045,-8.071449,0,-9.22478,0,243.5329,0
8.315091,-8.071449,0,-9.22478,0,243.7109,0
8.321821,-8.248652,0,-9.312317,0,243.9036,0
8.329206,-8.248652,0,-9.312317,0,244.1679,0
8.334017,-8.248652,0,-9.312317,0,244.3226,0
8.338789,-8.248652,0,-9.312317,0,244.4408,0
8.34337,-8.426956,0,-9.39759,0,244.5469,0
8.348116,-8.426956,0,-9.39759,0,244.5823,0
8.353112,-8.426956,0,-9.39759,0,244.5941,0
8.357011,-8.426956,0,-9.39759,0,244.598,0
8.361062,-8.605494,0,-9.482373,0,244.5993,0
8.365715,-8.605494,0,-9.482373,0,244.5997,0
8.36965,-8.605494,0,-9.482373,0,244.5999,0
8.374493,-8.605494,0,-9.482373,0,244.5999,0
8.379168,-8.605494,0,-9.482373,0,244.5999,0
8.383095,-8.784034,0,-9.56715,0,244.6,0
8.387785,-8.784034,0,-9.56715,0,244.6,0
8.391882,-8.784034,0,-9.56715,0,244.6,0
8.395778,-8.784034,0,-9.56715,0,244.6,0
8.400469,-8.962574,0,-9.651927,0,244.6,0
8.404857,-8.962574,0,-9.651927,0,244.6,0
8.408978,-8.962574,0,-9.651927,0,244.6,0
8.413113,-8.962574,0,-9.651927,0,244.6,0
8.417336,-8.962574,0,-9.651927,0,244.6,0
8.421656,-9.141114,0.000001,-9.736705,0,244.6,0
8.427239,-9.141114,0.000001,-9.736705,0,244.6,0
8.431099,-9.141114,0.000001,-9.736705,0,244.6,0
8.435446,-9.141114,0.000001,-9.736705,0,244.6,0
8.439255,-9.141114,0.000001,-9.736705,0,244.6,0
8.44343,-9.319654,0.000001,-9.821482,0,244.6,0
8.448965,-9.319654,0.000001,-9.821482,0,244.6,0
8.45295,-9.319654,0.000001,-9.821482,0,244.6,0
8.457645,-9.319654,0.000001,-9.821482,0,244.6666,0
8.461838,-9.498293,0,-9.906052,0,244.6888,0
8.466583,-9.498293,0,-9.906052,0,244.6963,0
8.473703,-9.498293,0,-9.906052,0,244.6987,0
8.479713,-9.498293,0,-9.906052,0,244.6996,0
8.484039,-9.67698,0,-9.990519,0,244.6998,0
8.488598,-9.67698,0,-9.990519,0,244.6333,0
8.492949,-9.67698,0,-9.990519,0,244.6111,0
8.498887,-9.67698,0,-9.990519,0,244.537,0
8.504288,-9.855427,0,-10.07549,0,244.4456,0
8.509526,-9.855427,0,-10.07549,0,244.4152,0
8.514899,-9.855427,0,-10.07549,0,244.3384,0
8.521113,-10.03358,0,-10.16108,0,244.3127,0
8.527281,-10.03358,0,-10.16108,0,244.3042,0
8.533097,-10.03358,0,-10.16108,0,244.2347,0
8.539716,-10.03358,0,-10.16108,0,244.2115,0
8.546988,-10.21154,0,-10.24707,0,244.1372,0
8.552089,-10.21154,0,-10.24707,0,244.1124,0
8.557058,-10.21154,0,-10.24707,0,244.1041,0
8.561696,-10.38934,0,-10.33339,0,244.1013,0
8.566875,-10.38934,0,-10.33339,0,244.0338,0
8.574453,-10.38934,0,-10.33339,0,243.9445,0
8.579937,-10.38934,0,-10.33339,0,243.8482,0
8.584861,-10.56675,0,-10.4205,0,243.7494,0
8.590646,-10.56675,0,-10.4205,0,243.5831,0
8.596345,-10.56675,0,-10.4205,0,243.3277,0
8.602284,-10.74337,0,-10.50922,0,242.9759,0
8.607136,-10.74337,0,-10.50922,0,242.6586,0
8.611858,-10.74337,0,-10.50922,0,242.2862,0
8.618301,-10.74337,0,-10.50922,0,241.8287,0
8.625355,-10.9176,0,-10.60253,0,241.3429,0
8.633032,-10.9176,0,-10.60253,0,240.7809,0
8.638097,-10.9176,0,-10.60253,0,240.327,0
8.645213,-11.08932,0,-10.70037,0,239.8423,0
8.650589,-11.08932,0,-10.70037,0,239.4141,0
8.654937,-11.08932,0,-10.70037,0,239.0047,0
8.65995,-11.08932,0,-10.70037,0,238.5349,0
8.665999,-11.25791,0,-10.80354,0,237.9783,0
8.671379,-11.25791,0,-10.80354,0,237.4594,0
8.677275,-11.25791,0,-10.80354,0,236.8198,0
8.682094,-11.42333,0,-10.91171,0,236.2066,0
8.687902,-11.42333,0,-10.91171,0,235.6022,0
8.694131,-11.42333,0,-10.91171,0,234.8674,0
8.699003,-11.42333,0,-10.91171,0,234.2224,0
8.704871,-11.58368,0,-11.02726,0,233.6075,0
8.710347,-11.58368,0,-11.02726,0,232.8691,0
8.717072,-11.58368,0,-11.02726,0,232.023,0
8.723022,-11.73947,0,-11.14888,0,231.141,0
8.72919,-11.73947,0,-11.14888,0,230.2469,0
8.734375,-11.73947,0,-11.14888,0,229.3489,0
8.741856,-11.88942,0,-11.27764,0,228.183,0
8.747026,-11.88942,0,-11.27764,0,227.061,0
8.752028,-11.88942,0,-11.27764,0,226.0203,0
8.75705,-11.88942,0,-11.27764,0,224.9401,0
8.764346,-12.02903,0,-11.41754,0,223.58,0
8.770365,-12.02903,0,-11.41754,0,222.3266,0
8.775898,-12.02903,0,-11.41754,0,221.3088,0
8.780814,-12.1595,0,-11.566,0,220.3696,0
8.787647,-12.1595,0,-11.566,0,219.2565,0
8.792476,-12.1595,0,-11.566,0,218.2855,0
8.797741,-12.1595,0,-11.566,0,217.4951,0
8.802955,-12.27981,0,-11.72282,0,216.6317,0
8.810923,-12.27981,0,-11.72282,0,215.4106,0
8.816484,-12.27981,0,-11.72282,0,214.2035,0
8.821288,-12.39091,0,-11.88628,0,213.1345,0
8.827514,-12.39091,0,-11.88628,0,211.9115,0
8.833909,-12.39091,0,-11.88628,0,210.6371,0
8.839338,-12.39091,0,-11.88628,0,209.3457,0
8.84454,-12.48777,0,-12.05856,0,208.2486,0
8.849751,-12.48777,0,-12.05856,0,207.0828,0
8.855149,-12.48777,0,-12.05856,0,205.9609,0
8.860748,-12.5743,0,-12.23626,0,204.9203,0
8.8676,-12.5743,0,-12.23626,0,203.7067,0
8.873975,-12.5743,0,-12.23626,0,202.6356,0
8.879713,-12.5743,0,-12.23626,0,201.5452,0
8.886604,-12.64688,0,-12.4201,0,200.3817,0
8.893595,-12.64688,0,-12.4201,0,199.1272,0
8.898639,-12.64688,0,-12.4201,0,198.1091,0
8.905961,-12.70831,0,-12.60795,0,197.0363,0
8.912529,-12.70831,0,-12.60795,0,195.8788,0
8.922176,-12.76239,0,-12.79806,0,194.4929,0
8.936073,-12.76239,0,-12.79806,0,192.4976,0
8.949664,-12.80516,0,-12.99102,0,190.1658,0
8.961364,-12.84004,0,-13.18556,0,187.9219,0
8.969766,-12.84004,0,-13.18556,0,185.9073,0
8.976797,-12.84004,0,-13.18556,0,184.1691,0
8.985943,-12.85441,0,-13.38269,0,182.123,0
8.996414,-12.85441,0,-13.38269,0,179.7076,0
9.005473,-12.8534,0,-13.58033,0,177.3692,0
9.012077,-12.8534,0,-13.58033,0,175.523,0
9.016376,-12.8534,0,-13.58033,0,174.1743,0
9.02117,-12.83334,0,-13.77695,0,172.9247,0
9.027718,-12.83334,0,-13.77695,0,171.4416,0
9.032824,-12.83334,0,-13.77695,0,170.2805,0
9.037333,-12.83334,0,-13.77695,0,169.0935,0
9.042053,-12.79595,0,-13.97103,0,167.8311,0
9.047433,-12.79595,0,-13.97103,0,166.3437,0
9.053658,-12.79595,0,-13.97103,0,164.7146,0
9.058327,-12.79595,0,-13.97103,0,163.2382,0
9.063004,-12.73895,0,-14.16028,0,161.746,0
9.068666,-12.73895,0,-14.16028,0,160.2487,0
9.074974,-12.73895,0,-14.16028,0,158.2829,0
9.080466,-12.66581,0,-14.34389,0,156.561,0
9.085352,-12.66581,0,-14.34389,0,154.9203,0
9.090176,-12.66581,0,-14.34389,0,153.3734,0
9.096419,-12.66581,0,-14.34389,0,151.5245,0
9.102527,-12.57158,0,-14.51763,0,149.5748,0
9.107859,-12.57158,0,-14.51763,0,147.6583,0
9.112284,-12.57158,0,-14.51763,0,145.8861,0
9.117258,-12.57158,0,-14.51763,0,144.0954,0
9.123147,-12.45567,0,-14.67772,0,141.8318,0
9.128798,-12.45567,0,-14.67772,0,139.8106,0
9.133077,-12.45567,0,-14.67772,0,137.7369,0
9.138041,-12.45567,0,-14.67772,0,135.6456,0
9.143304,-12.3175,0,-14.81904,0,133.4819,0
9.149484,-12.3175,0,-14.81904,0,131.0273,0
9.15411,-12.3175,0,-14.81904,0,128.8758,0
9.159121,-12.3175,0,-14.81904,0,126.6252,0
9.163925,-12.15888,0,-14.93695,0,124.2751,0
9.168845,-12.15888,0,-14.93695,0,122.225,0
9.174082,-12.15888,0,-14.93695,0,119.6083,0
9.179125,-12.15888,0,-14.93695,0,116.8695,0
9.184389,-11.98257,0,-15.02628,0,114.4231,0
9.189238,-11.98257,0,-15.02628,0,111.9411,0
9.195015,-11.98257,0,-15.02628,0,109.1804,0
9.200228,-11.7959,0,-15.09122,0,106.7934,0
9.205647,-11.7959,0,-15.09122,0,104.5311,0
9.209983,-11.7959,0,-15.09122,0,102.377,0
9.214919,-11.7959,0,-15.09122,0,100.1923,0
9.220994,-11.60137,0,-15.12619,0,98.06411,0
9.226379,-11.60137,0,-15.12619,0,96.35471,0
9.230537,-11.60137,0,-15.12619,0,94.91825,0
9.235328,-11.60137,0,-15.12619,0,93.50607,0
9.240051,-11.40409,0,-15.13828,0,92.23535,0
9.245484,-11.40409,0,-15.13828,0,91.74511,0
9.25014,-11.40409,0,-15.13828,0,91.58169,0
9.255033,-11.40409,0,-15.13828,0,91.52724,0
9.258991,-11.40409,0,-15.13828,0,91.50903,0
9.263522,-11.20652,0,-15.14348,0,91.50303,0
9.269475,-11.20652,0,-15.14348,0,91.50101,0
9.274212,-11.20652,0,-15.14348,0,91.50035,0
9.278484,-11.20652,0,-15.14348,0,91.50012,0
9.283457,-11.00894,0,-15.14866,0,91.50005,0
9.288184,-11.00894,0,-15.14866,0,91.50002,0
9.292953,-11.00894,0,-15.14866,0,91.50002,0
9.297196,-11.00894,0,-15.14866,0,91.50002,0
9.301042,-10.81136,0,-15.15383,0,91.50002,0
9.305787,-10.81136,0,-15.15383,0,91.50002,0
9.310342,-10.81136,0,-15.15383,0,91.50002,0
9.31488,-10.81136,0,-15.15383,0,91.50002,0
9.319264,-10.81136,0,-15.15383,0,91.50002,0
9.32371,-10.61378,0,-15.15901,0,91.50002,0
9.328076,-10.61378,0,-15.15901,0,91.50002,0
9.332439,-10.61378,0,-15.15901,0,91.50002,0
9.33708,-10.61378,0,-15.15901,0,91.50002,0
9.34172,-10.41621,0,-15.16418,0,91.50002,0
9.346441,-10.41621,0,-15.16418,0,91.50002,0
9.351067,-10.41621,0,-15.16418,0,91.50002,0
9.355039,-10.41621,0,-15.16418,0,91.50002,0
9.359503,-10.41621,0,-15.16418,0,91.50002,0
9.364808,-10.21863,0,-15.16935,0,91.50002,0
9.369386,-10.21863,0,-15.16935,0,91.50002,0
9.374011,-10.21863,0,-15.16935,0,91.50002,0
9.378871,-10.21863,0,-15.16935,0,91.50002,0
9.385785,-10.02105,0,-15.17453,0,91.50002,0
9.393027,-10.02105,0,-15.17453,0,91.50002,0
9.396837,-10.02105,0,-15.17453,0,91.50002,0
9.401384,-9.823474,0,-15.1797,0,91.50002,0
9.405904,-9.823474,0,-15.1797,0,91.50002,0
9.410084,-9.823474,0,-15.1797,0,91.50002,0
9.415801,-9.823474,0,-15.1797,0,91.50002,0
9.419935,-9.823474,0,-15.1797,0,91.50002,0
9.424021,-9.625896,0,-15.18487,0,91.50002,0
9.428902,-9.625896,0,-15.18487,0,91.50002,0
9.432737,-9.625896,0,-15.18487,0,91.50002,0
9.437606,-9.625896,0,-15.18487,0,91.50002,0
9.441981,-9.428319,0,-15.19005,0,91.50002,0
9.446301,-9.428319,0,-15.19005,0,91.50002,0
9.450522,-9.428319,0,-15.19005,0,91.50002,0
9.454616,-9.428319,0,-15.19005,0,91.50002,0
9.459119,-9.428319,0,-15.19005,0,91.50002,0
9.469804,-9.230742,0,-15.19522,0,91.50002,0
9.47921,-9.230742,0,-15.19522,0,91.50002,0
9.498293,-9.033164,0,-15.20039,0,91.50002,0
9.502904,-8.835587,0,-15.20557,0,91.50002,0
9.509053,-8.835587,0,-15.20557,0,91.50002,0
9.513638,-8.835587,0,-15.20557,0,91.50002,0
9.51969,-8.835587,0,-15.20557,0,91.36669,0
9.524874,-8.637998,0,-15.21028,0,90.92223,0
9.53274,-8.637998,0,-15.21028,0,89.70743,0
9.540336,-8.440354,0,-15.20927,0,87.43581,0
9.548055,-8.440354,0,-15.20927,0,84.21193,0
9.553262,-8.440354,0,-15.20927,0,81.40398,0
9.559473,-8.440354,0,-15.20927,0,78.06799,0
9.564224,-8.246979,0,-15.16841,0,74.88933,0
9.569556,-8.246979,0,-15.16841,0,71.49647,0
9.57513,-8.246979,0,-15.16841,0,67.56548,0
9.581224,-8.064292,0,-15.09298,0,63.58851,0
9.586353,-8.064292,0,-15.09298,0,60.3295,0
9.590956,-8.064292,0,-15.09298,0,57.10983,0
9.596516,-8.064292,0,-15.09298,0,54.23661,0
9.60127,-7.903915,0,-14.97747,0,51.41219,0
9.60742,-7.903915,0,-14.97747,0,48.40403,0
9.613077,-7.903915,0,-14.97747,0,45.53465,0
9.618148,-7.903915,0,-14.97747,0,43.17821,0
9.623553,-7.768672,0,-14.83334,0,40.92605,0
9.630109,-7.768672,0,-14.83334,0,38.57534,0
9.635516,-7.768672,0,-14.83334,0,36.52511,0
9.640212,-7.651038,0,-14.67452,0,34.90835,0
9.645535,-7.651038,0,-14.67452,0,33.30274,0
9.651941,-7.651038,0,-14.67452,0,31.30089,0
9.657095,-7.651038,0,-14.67452,0,29.63358,0
9.661472,-7.553312,0,-14.50272,0,28.34451,0
9.66697,-7.553312,0,-14.50272,0,26.78149,0
9.672202,-7.553312,0,-14.50272,0,25.32715,0
9.678054,-7.553312,0,-14.50272,0,23.84235,0
9.682368,-7.473419,0,-14.32194,0,22.74742,0
9.687531,-7.473419,0,-14.32194,0,21.58243,0
9.692689,-7.473419,0,-14.32194,0,20.46078,0
9.697791,-7.473419,0,-14.32194,0,19.42021,0
9.702958,-7.407703,0,-14.13554,0,18.27337,0
9.708294,-7.407703,0,-14.13554,0,17.35774,0
9.713217,-7.407703,0,-14.13554,0,16.45252,0
9.718758,-7.407703,0,-14.13554,0,15.68413,0
9.724056,-7.354273,0,-13.94526,0,14.96133,0
9.729474,-7.354273,0,-13.94526,0,14.38705,0
9.73463,-7.354273,0,-13.94526,0,13.8623,0
9.739293,-7.354273,0,-13.94526,0,13.48737,0
9.743711,-7.308176,0,-13.75306,0,13.22908,0
9.749321,-7.308176,0,-13.75306,0,12.94298,0
9.754167,-7.308176,0,-13.75306,0,12.71428,0
9.757984,-7.308176,0,-13.75306,0,12.63805,0
9.762793,-7.264933,0,-13.5602,0,12.54598,0
9.767578,-7.264933,0,-13.5602,0,12.51527,0
9.772744,-7.264933,0,-13.5602,0,12.43839,0
9.777057,-7.264933,0,-13.5602,0,12.41274,0
9.781839,-7.222449,0,-13.36718,0,12.3375,0
9.786695,-7.222449,0,-13.36718,0,12.24578,0
9.793226,-7.222449,0,-13.36718,0,12.14852,0
9.798292,-7.222449,0,-13.36718,0,12.04943,0
9.802684,-7.181189,0,-13.17389,0,12.01642,0
9.807867,-7.181189,0,-13.17389,0,11.93875,0
9.812116,-7.181189,0,-13.17389,0,11.91285,0
9.816719,-7.181189,0,-13.17389,0,11.90424,0
9.821469,-7.140419,0,-12.98049,0,11.90135,0
9.826254,-7.140419,0,-12.98049,0,11.90042,0
9.830564,-7.140419,0,-12.98049,0,11.90012,0
9.83455,-7.140419,0,-12.98049,0,11.90001,0
9.838905,-7.140419,0,-12.98049,0,11.89998,0
9.843744,-7.099664,0,-12.78709,0,11.89998,0
9.848078,-7.099664,0,-12.78709,0,11.89998,0
9.852535,-7.099664,0,-12.78709,0,11.89998,0
9.857022,-7.099664,0,-12.78709,0,11.96665,0
9.861458,-7.058684,0,-12.59374,0,12.05555,0
9.867949,-7.058684,0,-12.59374,0,12.28521,0
9.872855,-7.058684,0,-12.59374,0,12.49508,0
9.877064,-7.058684,0,-12.59374,0,12.76504,0
9.882037,-7.015013,0,-12.40098,0,13.12171,0
9.887551,-7.015013,0,-12.40098,0,13.50726,0
9.894077,-7.015013,0,-12.40098,0,14.23577,0
9.899769,-7.015013,0,-12.40098,0,14.94529,0
9.904488,-6.964041,0,-12.21002,0,15.64842,0
9.910158,-6.964041,0,-12.21002,0,16.54951,0
9.916158,-6.964041,0,-12.21002,0,17.58319,0
9.921729,-6.904335,0,-12.02161,0,18.59442,0
9.93036,-6.904335,0,-12.02161,0,20.06479,0
9.93658,-6.904335,0,-12.02161,0,21.08828,0
9.945299,-6.83322,0,-11.8372,0,22.16275,0
9.95066,-6.83322,0,-11.8372,0,22.78758,0
9.95618,-6.83322,0,-11.8372,0,23.26253,0
9.962169,-6.755161,0,-11.65562,0,23.5542,0
9.968918,-6.755161,0,-11.65562,0,23.71807,0
9.973269,-6.755161,0,-11.65562,0,23.77268,0
9.978218,-6.755161,0,-11.65562,0,23.79091,0
9.982717,-6.675431,0,-11.47477,0,23.79697,0
9.988539,-6.675431,0,-11.47477,0,23.79899,0
9.995469,-6.675431,0,-11.47477,0,23.79968,0
10.00677,-6.595674,0,-11.29394,0,23.79989,0
10.01449,-6.595674,0,-11.29394,0,23.79995,0
10.01957,-6.595674,0,-11.29394,0,23.79998,0
10.02414,-6.515915,0,-11.1131,0,23.79998,0
10.02865,-6.515915,0,-11.1131,0,23.79998,0
10.03358,-6.515915,0,-11.1131,0,23.79998,0
10.03856,-6.515915,0,-11.1131,0,23.79998,0
10.04247,-6.436156,0,-10.93226,0,23.79998,0
10.04946,-6.436156,0,-10.93226,0,23.79998,0
10.05421,-6.436156,0,-10.93226,0,23.79998,0
10.0599,-6.436156,0,-10.93226,0,23.73329,0
10.06543,-6.356608,0,-10.75133,0,23.71107,0
10.0739,-6.356608,0,-10.75133,0,23.63701,0
10.08101,-6.277364,0,-10.57027,0,23.61234,0
10.0875,-6.277364,0,-10.57027,0,23.60409,0
10.09195,-6.277364,0,-10.57027,0,23.60135,0
10.09643,-6.277364,0,-10.57027,0,23.60042,0
10.10059,-6.198235,0,-10.38915,0,23.60012,0
10.1054,-6.198235,0,-10.38915,0,23.60002,0
10.11036,-6.198235,0,-10.38915,0,23.59999,0
10.11492,-6.198235,0,-10.38915,0,23.59999,0
10.11883,-6.198235,0,-10.38915,0,23.59999,0
10.12381,-6.119108,0,-10.20804,0,23.5333,0
10.12852,-6.119108,0,-10.20804,0,23.51109,0
10.13302,-6.119108,0,-10.20804,0,23.50368,0
10.13842,-6.119108,0,-10.20804,0,23.5012,0
10.14273,-6.040293,0,-10.02679,0,23.5004,0
10.14704,-6.040293,0,-10.02679,0,23.5001,0
10.15218,-6.040293,0,-10.02679,0,23.43333,0
10.15766,-6.040293,0,-10.02679,0,23.41109,0
10.16144,-5.961763,0,-9.845411,0,23.40369,0
10.16605,-5.961763,0,-9.845411,0,23.4012,0
10.17013,-5.961763,0,-9.845411,0,23.40038,0
10.17394,-5.961763,0,-9.845411,0,23.40011,0
10.17963,-5.961763,0,-9.845411,0,23.4,0
10.18393,-5.883268,0,-9.664021,0,23.4,0
10.18818,-5.883268,0,-9.664021,0,23.4,0
10.19319,-5.883268,0,-9.664021,0,23.46664,0
10.19743,-5.883268,0,-9.664021,0,23.48885,0
10.20162,-5.804492,0,-9.482754,0,23.49628,0
10.207,-5.804492,0,-9.482754,0,23.49874,0
10.21155,-5.804492,0,-9.482754,0,23.49956,0
10.2161,-5.804492,0,-9.482754,0,23.49983,0
10.22054,-5.725682,0,-9.3015,0,23.49994,0
10.22624,-5.725682,0,-9.3015,0,23.56666,0
10.23097,-5.725682,0,-9.3015,0,23.65553,0
10.23612,-5.725682,0,-9.3015,0,23.8185,0
10.24112,-5.645865,0,-9.120688,0,24.00614,0
10.2468,-5.645865,0,-9.120688,0,24.26869,0
10.25181,-5.645865,0,-9.120688,0,24.68954,0
10.25706,-5.645865,0,-9.120688,0,25.2965,0
10.26197,-5.56141,0,-8.941996,0,25.96548,0
10.26751,-5.56141,0,-8.941996,0,26.85512,0
10.27212,-5.56141,0,-8.941996,0,27.95166,0
10.27791,-5.56141,0,-8.941996,0,29.38387,0
10.28301,-5.464434,0,-8.769776,0,30.92793,0
10.28834,-5.464434,0,-8.769776,0,32.37596,0
10.2929,-5.464434,0,-8.769776,0,33.99195,0
10.29826,-5.464434,0,-8.769776,0,35.79728,0
10.30392,-5.348827,0,-8.609468,0,37.99909,0
10.3092,-5.348827,0,-8.609468,0,40.13298,0
10.31411,-5.348827,0,-8.609468,0,42.57764,0
10.31926,-5.348827,0,-8.609468,0,45.32584,0
10.32548,-5.208278,0,-8.470508,0,48.44188,0
10.33178,-5.208278,0,-8.470508,0,51.88058,0
10.3376,-5.208278,0,-8.470508,0,55.49345,0
10.34213,-5.045406,0,-8.358541,0,58.63108,0
10.34887,-5.045406,0,-8.358541,0,62.877,0
10.35409,-5.045406,0,-8.358541,0,66.35893,0
10.35916,-5.045406,0,-8.358541,0,69.65292,0
10.36397,-4.860093,0,-8.289819,0,72.75091,0
10.36921,-4.860093,0,-8.289819,0,75.85026,0
10.37518,-4.860093,0,-8.289819,0,79.41667,0
10.3804,-4.665809,0,-8.253518,0,82.60547,0
10.38572,-4.665809,0,-8.253518,0,85.80175,0
10.39005,-4.665809,0,-8.253518,0,88.66718,0
10.39594,-4.665809,0,-8.253518,0,92.02228,0
10.40105,-4.468287,0,-8.260492,0,95.07404,0
10.40619,-4.468287,0,-8.260492,0,98.02457,0
10.41052,-4.468287,0,-8.260492,0,100.4081,0
10.41564,-4.468287,0,-8.260492,0,103.2026,0
10.42153,-4.275865,0,-8.305634,0,106.4008,0
10.42679,-4.275865,0,-8.305634,0,108.9335,0
10.43104,-4.275865,0,-8.305634,0,111.4444,0
10.43629,-4.275865,0,-8.305634,0,113.748,0
10.44125,-4.094955,0,-8.385228,0,115.9159,0
10.44781,-4.094955,0,-8.385228,0,118.1719,0
10.45215,-4.094955,0,-8.385228,0,120.0572,0
10.45721,-4.094955,0,-8.385228,0,121.7523,0
10.46246,-3.926891,0,-8.489239,0,123.184,0
10.46937,-3.926891,0,-8.489239,0,124.9279,0
10.47356,-3.926891,0,-8.489239,0,126.0425,0
10.47835,-3.926891,0,-8.489239,0,127.2141,0
10.48515,-3.76949,0,-8.608773,0,128.6046,0
10.49269,-3.76949,0,-8.608773,0,130.4014,0
10.49856,-3.76949,0,-8.608773,0,131.8004,0
10.50428,-3.622151,0,-8.740511,0,133.3334,0
10.5098,-3.622151,0,-8.740511,0,134.8444,0
10.51752,-3.622151,0,-8.740511,0,137.0147,0
10.52212,-3.487394,0,-8.885095,0,138.6715,0
10.52726,-3.487394,0,-8.885095,0,140.3571,0
10.53227,-3.487394,0,-8.885095,0,141.9856,0
10.53661,-3.487394,0,-8.885095,0,143.3951,0
10.54289,-3.369539,0,-9.043757,0,145.3316,0
10.5479,-3.369539,0,-9.043757,0,147.0438,0
10.55249,-3.369539,0,-9.043757,0,148.4145,0
10.55702,-3.369539,0,-9.043757,0,149.9381,0
10.56174,-3.270532,0,-9.214817,0,151.3793,0
10.56785,-3.270532,0,-9.214817,0,152.793,0
10.57334,-3.270532,0,-9.214817,0,154.3309,0
10.57755,-3.270532,0,-9.214817,0,155.6436,0
10.58222,-3.189021,0,-9.394872,0,156.8811,0
10.58884,-3.189021,0,-9.394872,0,158.5603,0
10.59425,-3.189021,0,-9.394872,0,159.92,0
10.59852,-3.189021,0,-9.394872,0,161.0399,0
10.60349,-3.124804,0,-9.581794,0,162.3466,0
10.6093,-3.124804,0,-9.581794,0,163.9155,0
10.61552,-3.124804,0,-9.581794,0,165.5717,0
10.62,-3.124804,0,-9.581794,0,167.1238,0
10.62518,-3.08076,0,-9.774469,0,168.7745,0
10.6305,-3.08076,0,-9.774469,0,170.1915,0
10.63714,-3.08076,0,-9.774469,0,171.9304,0
10.64113,-3.053015,0,-9.970158,0,173.0434,0
10.64632,-3.053015,0,-9.970158,0,174.1477,0
10.65141,-3.053015,0,-9.970158,0,175.1158,0
10.65659,-3.053015,0,-9.970158,0,175.9052,0
10.6639,-3.038902,0,-10.1673,0,176.7683,0
10.66854,-3.038902,0,-10.1673,0,177.256,0
10.67317,-3.038902,0,-10.1673,0,177.5519,0
10.67818,-3.038902,0,-10.1673,0,177.8506,0
10.68237,-3.031489,0,-10.36481,0,178.0168,0
10.68807,-3.031489,0,-10.36481,0,178.2055,0
10.69264,-3.031489,0,-10.36481,0,178.2684,0
10.69759,-3.031489,0,-10.36481,0,178.3561,0
10.70232,-3.025819,0,-10.56237,0,178.452,0
10.70807,-3.025819,0,-10.56237,0,178.4839,0
10.71219,-3.025819,0,-10.56237,0,178.4946,0
10.71605,-3.025819,0,-10.56237,0,178.4981,0
10.72091,-3.020638,0,-10.75995,0,178.4993,0
10.72609,-3.020638,0,-10.75995,0,178.5664,0
10.73003,-3.020638,0,-10.75995,0,178.5887,0
10.73501,-3.020638,0,-10.75995,0,178.5962,0
10.73956,-3.020638,0,-10.75995,0,178.6653,0
10.74339,-3.016035,0,-10.95754,0,178.6884,0
10.74868,-3.016035,0,-10.95754,0,178.8294,0
10.75402,-3.016035,0,-10.95754,0,179.0097,0
10.75895,-3.016035,0,-10.95754,0,179.2699,0
10.76331,-3.013516,0,-11.15517,0,179.4232,0
10.7688,-3.013516,0,-11.15517,0,179.741,0
10.77356,-3.013516,0,-11.15517,0,179.9803,0
10.77806,-3.013516,0,-11.15517,0,180.26,0
10.78357,-3.014413,0,-11.35281,0,180.6199,0
10.78935,-3.014413,0,-11.35281,0,180.9399,0
10.79447,-3.014413,0,-11.35281,0,181.2466,0
10.799,-3.014413,0,-11.35281,0,181.5488,0
10.80508,-3.019755,0,-11.55039,0,181.8495,0
10.81024,-3.019755,0,-11.55039,0,182.1498,0
10.81531,-3.019755,0,-11.55039,0,182.4499,0
10.82016,-3.028203,0,-11.74785,0,182.7499,0
10.82533,-3.028203,0,-11.74785,0,183.0499,0
10.83204,-3.028203,0,-11.74785,0,183.4832,0
10.83655,-3.028203,0,-11.74785,0,183.761,0
10.84114,-3.041168,0,-11.94507,0,184.0536,0
10.84651,-3.041168,0,-11.94507,0,184.3512,0
10.8524,-3.041168,0,-11.94507,0,184.7836,0
10.85703,-3.041168,0,-11.94507,0,185.1945,0
10.86838,-3.059062,0,-12.1419,0,185.9981,0
10.87923,-3.059062,0,-12.1419,0,187.3327,0
10.88823,-3.084288,0,-12.33793,0,188.9108,0
10.90653,-3.114902,0,-12.53319,0,190.7036,0
10.91185,-3.114902,0,-12.53319,0,193.2345,0
10.91651,-3.114902,0,-12.53319,0,194.6115,0
10.92223,-3.164761,0,-12.72445,0,195.8704,0
10.92824,-3.164761,0,-12.72445,0,196.8234,0
10.9342,-3.164761,0,-12.72445,0,197.8078,0
10.93822,-3.164761,0,-12.72445,0,198.6025,0
10.94336,-3.22781,0,-12.91177,0,199.4008,0
10.95032,-3.22781,0,-12.91177,0,200.3336,0
10.9553,-3.22781,0,-12.91177,0,201.1778,0
10.95957,-3.22781,0,-12.91177,0,201.7259,0
10.96526,-3.300972,0,-13.09537,0,202.3753,0
10.97207,-3.300972,0,-13.09537,0,203.0584,0
10.97724,-3.300972,0,-13.09537,0,203.6194,0
10.9823,-3.380161,0,-13.27646,0,204.1398,0
10.98791,-3.380161,0,-13.27646,0,204.5799,0
10.99331,-3.380161,0,-13.27646,0,204.9266,0
10.99959,-3.380161,0,-13.27646,0,205.2422,0
11.00431,-3.464446,0,-13.45523,0,205.414,0
11.00975,-3.464446,0,-13.45523,0,205.6046,0
11.01434,-3.464446,0,-13.45523,0,205.6682,0
11.01896,-3.464446,0,-13.45523,0,205.6893,0
11.02417,-3.550123,0,-13.63334,0,205.6964,0
11.02849,-3.550123,0,-13.63334,0,205.6988,0
11.03333,-3.550123,0,-13.63334,0,205.6995,0
11.03828,-3.550123,0,-13.63334,0,205.6998,0
11.04217,-3.635834,0,-13.81144,0,205.6999,0
11.04762,-3.635834,0,-13.81144,0,205.6999,0
11.05177,-3.635834,0,-13.81144,0,205.6999,0
11.05622,-3.635834,0,-13.81144,0,205.6333,0
11.06101,-3.721337,0,-13.98963,0,205.611,0
11.06627,-3.721337,0,-13.98963,0,205.537,0
11.07084,-3.721337,0,-13.98963,0,205.5123,0
11.07524,-3.721337,0,-13.98963,0,205.5041,0
11.07946,-3.721337,0,-13.98963,0,205.5013,0
11.08342,-3.80643,0,-14.16802,0,205.5004,0
11.08805,-3.80643,0,-14.16802,0,205.5001,0
11.09292,-3.80643,0,-14.16802,0,205.5,0
11.0968,-3.80643,0,-14.16802,0,205.5,0
11.10174,-3.891518,0,-14.34641,0,205.4999,0
11.10594,-3.891518,0,-14.34641,0,205.4999,0
11.11041,-3.891518,0,-14.34641,0,205.4999,0
11.11586,-3.891518,0,-14.34641,0,205.4999,0
11.11967,-3.891518,0,-14.34641,0,205.4999,0
11.12385,-3.976607,0,-14.52481,0,205.4999,0
11.12891,-3.976607,0,-14.52481,0,205.4999,0
11.13357,-3.976607,0,-14.52481,0,205.4999,0
11.13832,-3.976607,0,-14.52481,0,205.3666,0
11.14427,-4.06128,0,-14.7034,0,205.2555,0
11.14934,-4.06128,0,-14.7034,0,205.0851,0
11.15367,-4.06128,0,-14.7034,0,204.9617,0
11.15916,-4.06128,0,-14.7034,0,204.7205,0
11.16535,-4.143934,0,-14.88293,0,204.4402,0
11.17031,-4.143934,0,-14.88293,0,204.2133,0
11.17448,-4.143934,0,-14.88293,0,204.0044,0
11.17919,-4.143934,0,-14.88293,0,203.8014,0
11.18392,-4.223697,0,-15.06377,0,203.6004,0
11.19082,-4.223697,0,-15.06377,0,203.3335,0
11.19486,-4.223697,0,-15.06377,0,203.1111,0
11.19989,-4.223697,0,-15.06377,0,202.837,0
11.20509,-4.300406,0,-15.24592,0,202.6123,0
11.21018,-4.300406,0,-15.24592,0,202.3374,0
11.2156,-4.300406,0,-15.24592,0,202.0458,0
11.22054,-4.374591,0,-15.42911,0,201.8152,0
11.22592,-4.374591,0,-15.42911,0,201.4717,0
11.23001,-4.374591,0,-15.42911,0,201.2239,0
11.23523,-4.374591,0,-15.42911,0,201.0079,0
11.24064,-4.445446,0,-15.61362,0,200.6693,0
11.24572,-4.445446,0,-15.61362,0,200.3564,0
11.25029,-4.445446,0,-15.61362,0,199.9854,0
11.25515,-4.445446,0,-15.61362,0,199.6618,0
11.26155,-4.511948,0,-15.79974,0,199.2206,0
11.26657,-4.511948,0,-15.79974,0,198.8068,0
11.27093,-4.511948,0,-15.79974,0,198.4022,0
11.27597,-4.511948,0,-15.79974,0,197.934,0
11.28092,-4.572807,0,-15.98779,0,197.578,0
11.28854,-4.572807,0,-15.98779,0,197.0593,0
11.29334,-4.572807,0,-15.98779,0,196.6197,0
11.29816,-4.572807,0,-15.98779,0,196.2732,0
11.30364,-4.628191,0,-16.17751,0,195.9577,0
11.30975,-4.628191,0,-16.17751,0,195.5858,0
11.31426,-4.628191,0,-16.17751,0,195.2619,0
11.3192,-4.628191,0,-16.17751,0,195.0872,0
11.32441,-4.679636,0,-16.36835,0,194.8957,0
11.32941,-4.679636,0,-16.36835,0,194.6985,0
11.33458,-4.679636,0,-16.36835,0,194.5661,0
11.33945,-4.679636,0,-16.36835,0,194.4553,0
11.3438,-4.728973,0,-16.55973,0,194.4184,0
11.34799,-4.728973,0,-16.55973,0,194.4061,0
11.35331,-4.728973,0,-16.55973,0,194.402,0
11.35853,-4.728973,0,-16.55973,0,194.4006,0
11.36234,-4.778127,0,-16.75117,0,194.4001,0
11.36705,-4.778127,0,-16.75117,0,194.4,0
11.37175,-4.778127,0,-16.75117,0,194.3999,0
11.37816,-4.778127,0,-16.75117,0,194.3999,0
11.38567,-4.82728,0,-16.94261,0,194.3999,0
11.38989,-4.82728,0,-16.94261,0,194.3999,0
11.39423,-4.82728,0,-16.94261,0,194.3999,0
11.39836,-4.82728,0,-16.94261,0,194.3999,0
11.40236,-4.876432,0,-17.13404,0,194.3999,0
11.40777,-4.876432,0,-17.13404,0,194.3999,0
11.41222,-4.876432,0,-17.13404,0,194.3999,0
11.41626,-4.876432,0,-17.13404,0,194.3999,0
11.42084,-4.925584,0,-17.32548,0,194.3999,0
11.42499,-4.925584,0,-17.32548,0,194.3999,0
11.43024,-4.925584,0,-17.32548,0,194.3999,0
11.43556,-4.925584,0,-17.32548,0,194.3999,0
11.43928,-4.925584,0,-17.32548,0,194.3999,0
11.44391,-4.974737,0,-17.51692,0,194.3999,0
11.44918,-4.974737,0,-17.51692,0,194.4666,0
11.45505,-4.974737,0,-17.51692,0,194.6888,0
11.45921,-4.974737,0,-17.51692,0,194.9629,0
11.46407,-5.025767,0,-17.70786,0,195.3876,0
11.4691,-5.025767,0,-17.70786,0,195.8625,0
11.47367,-5.025767,0,-17.70786,0,196.3541,0
11.47989,-5.025767,0,-17.70786,0,197.1847,0
11.48516,-5.084162,0,-17.89668,0,197.9949,0
11.4911,-5.084162,0,-17.89668,0,198.9316,0
11.49569,-5.084162,0,-17.89668,0,199.7772,0
11.50076,-5.151038,0,-18.08267,0,200.859,0
11.5061,-5.151038,0,-18.08267,0,201.953,0
11.51135,-5.151038,0,-18.08267,0,203.1843,0
11.51564,-5.151038,0,-18.08267,0,204.3281,0
11.52053,-5.23246,0,-18.26277,0,205.7093,0
11.52701,-5.23246,0,-18.26277,0,207.8364,0
11.53162,-5.23246,0,-18.26277,0,209.5455,0
11.53606,-5.23246,0,-18.26277,0,211.4485,0
11.54106,-5.335578,0,-18.43138,0,213.4161,0
11.54648,-5.335578,0,-18.43138,0,215.6054,0
11.55259,-5.335578,0,-18.43138,0,218.1351,0
11.55684,-5.335578,0,-18.43138,0,220.645,0
11.56141,-5.464319,0,-18.58134,0,222.815,0
11.56738,-5.464319,0,-18.58134,0,225.6716,0
11.57419,-5.464319,0,-18.58134,0,229.0905,0
11.58016,-5.613688,0,-18.71078,0,232.4301,0
11.58485,-5.613688,0,-18.71078,0,235.41,0
11.58935,-5.613688,0,-18.71078,0,237.9366,0
11.59466,-5.613688,0,-18.71078,0,240.6455,0
11.6012,-5.785957,0,-18.80766,0,244.0152,0
11.60619,-5.785957,0,-18.80766,0,246.9384,0
11.61118,-5.785957,0,-18.80766,0,249.6461,0
11.61631,-5.785957,0,-18.80766,0,252.1487,0
11.62294,-5.974087,0,-18.86825,0,255.2495,0
11.62846,-5.974087,0,-18.86825,0,257.8165,0
11.6331,-5.974087,0,-18.86825,0,260.1388,0
11.63788,-5.974087,0,-18.86825,0,262.3796,0
11.64225,-6.169987,0,-18.89446,0,264.2599,0
11.64846,-6.169987,0,-18.89446,0,266.4866,0
11.6531,-6.169987,0,-18.89446,0,268.4955,0
11.65847,-6.169987,0,-18.89446,0,270.3652,0
11.66413,-6.367628,0,-18.8932,0,272.1217,0
11.6715,-6.367628,0,-18.8932,0,274.2406,0
11.67704,-6.367628,0,-18.8932,0,275.8802,0
11.68166,-6.564234,0,-18.87295,0,277.2267,0
11.68935,-6.564234,0,-18.87295,0,278.8756,0
11.69785,-6.564234,0,-18.87295,0,280.3585,0
11.70226,-6.758658,0,-18.83741,0,281.3862,0
11.7081,-6.758658,0,-18.83741,0,282.1954,0
11.71322,-6.758658,0,-18.83741,0,282.8651,0
11.71915,-6.758658,0,-18.83741,0,283.4884,0
11.72341,-6.950852,0,-18.79131,0,283.9628,0
11.72865,-6.950852,0,-18.79131,0,284.3209,0
11.73402,-6.950852,0,-18.79131,0,284.6403,0
11.7386,-6.950852,0,-18.79131,0,284.8801,0
11.7437,-7.14187,0,-18.74056,0,285.0934,0
11.74895,-7.14187,0,-18.74056,0,285.2978,0
11.75392,-7.14187,0,-18.74056,0,285.4326,0
11.75811,-7.14187,0,-18.74056,0,285.5442,0
11.76337,-7.332286,0,-18.68759,0,285.6481,0
11.77009,-7.332286,0,-18.68759,0,285.816,0
11.77498,-7.332286,0,-18.68759,0,285.872,0
11.77938,-7.332286,0,-18.68759,0,286.024,0
11.7842,-7.522252,0,-18.63304,0,286.1413,0
11.79106,-7.522252,0,-18.63304,0,286.3138,0
11.79626,-7.522252,0,-18.63304,0,286.5046,0
11.80068,-7.711754,0,-18.57689,0,286.6349,0
11.80595,-7.711754,0,-18.57689,0,286.8783,0
11.81134,-7.711754,0,-18.57689,0,287.1594,0
11.81725,-7.711754,0,-18.57689,0,287.5198,0
11.82266,-7.900231,0,-18.51739,0,287.8399,0
11.82754,-7.900231,0,-18.51739,0,288.2133,0
11.83265,-7.900231,0,-18.51739,0,288.6044,0
11.84112,-8.087549,0,-18.45433,0,289.3348,0
11.85052,-8.087549,0,-18.45433,0,290.2449,0
11.85512,-8.087549,0,-18.45433,0,291.015,0
11.8608,-8.272049,0,-18.38345,0,291.8717,0
11.86622,-8.272049,0,-18.38345,0,292.6239,0
11.87096,-8.272049,0,-18.38345,0,293.3413,0
11.87521,-8.272049,0,-18.38345,0,294.0471,0
11.87992,-8.272049,0,-18.38345,0,294.8824,0
11.88577,-8.451347,0,-18.30029,0,295.6941,0
11.89036,-8.451347,0,-18.30029,0,296.498,0
11.895,-8.451347,0,-18.30029,0,297.2327,0
11.89979,-8.451347,0,-18.30029,0,297.8109,0
11.90407,-8.626163,0,-18.20808,0,298.3369,0
11.91006,-8.626163,0,-18.20808,0,298.9123,0
11.91545,-8.626163,0,-18.20808,0,299.3708,0
11.92049,-8.798405,0,-18.11114,0,299.6569,0
11.92525,-8.798405,0,-18.11114,0,299.819,0
11.93007,-8.798405,0,-18.11114,0,299.9397,0
11.93544,-8.798405,0,-18.11114,0,299.9799,0
11.93924,-8.798405,0,-18.11114,0,299.9933,0
11.94387,-8.969583,0,-18.01234,0,299.9977,0
11.9495,-8.969583,0,-18.01234,0,299.9326,0
11.95452,-8.969583,0,-18.01234,0,299.7108,0
11.95956,-8.969583,0,-18.01234,0,299.5036,0
11.96419,-9.141599,0,-17.915,0,299.3012,0
11.96914,-9.141599,0,-17.915,0,298.967,0
11.97341,-9.141599,0,-17.915,0,298.7224,0
11.97795,-9.141599,0,-17.915,0,298.5074,0
11.98297,-9.315281,0,-17.82067,0,298.4358,0
11.98803,-9.315281,0,-17.82067,0,298.3453,0
11.99215,-9.315281,0,-17.82067,0,298.3151,0
11.99704,-9.315281,0,-17.82067,0,298.2383,0
12.00126,-9.489404,0,-17.72716,0,298.2128,0
12.00645,-9.489404,0,-17.72716,0,298.2043,0
12.01129,-9.489404,0,-17.72716,0,298.1347,0
12.01551,-9.489404,0,-17.72716,0,298.0449,0
12.02021,-9.663841,0,-17.63423,0,297.9483,0
12.02544,-9.663841,0,-17.63423,0,297.8494,0
12.03183,-9.663841,0,-17.63423,0,297.6831,0
12.03598,-9.663841,0,-17.63423,0,297.561,0
12.04095,-9.839058,0,-17.54278,0,297.387,0
12.04642,-9.839058,0,-17.54278,0,297.129,0
12.05067,-9.839058,0,-17.54278,0,296.9097,0
12.05605,-9.839058,0,-17.54278,0,296.6366,0
12.06103,-10.01573,0,-17.45417,0,296.4122,0
12.06616,-10.01573,0,-17.45417,0,296.1374,0
12.07027,-10.01573,0,-17.45417,0,295.9124,0
12.0751,-10.01573,0,-17.45417,0,295.6375,0
12.08117,-10.19391,0,-17.36866,0,295.4125,0
12.08621,-10.19391,0,-17.36866,0,295.2708,0
12.0904,-10.19391,0,-17.36866,0,295.2236,0
12.0954,-10.19391,0,-17.36866,0,295.1412,0
12.10073,-10.37284,0,-17.28469,0,295.1137,0
12.10577,-10.37284,0,-17.28469,0,295.1046,0
12.11003,-10.37284,0,-17.28469,0,295.0349,0
12.11478,-10.37284,0,-17.28469,0,295.0116,0
12.11887,-10.37284,0,-17.28469,0,295.0039,0
12.1237,-10.55196,0,-17.20115,0,294.9346,0
12.12974,-10.55196,0,-17.20115,0,294.9115,0
12.13473,-10.55196,0,-17.20115,0,294.8372,0
12.14191,-10.73132,0,-17.11813,0,294.7457,0
12.15025,-10.73132,0,-17.11813,0,294.6486,0
12.15497,-10.73132,0,-17.11813,0,294.6162,0
12.15918,-10.73132,0,-17.11813,0,294.6054,0
12.16396,-10.91102,0,-17.03584,0,294.6018,0
12.16911,-10.91102,0,-17.03584,0,294.6006,0
12.17432,-10.91102,0,-17.03584,0,294.6002,0
12.17894,-10.91102,0,-17.03584,0,294.6001,0
12.18366,-11.09073,0,-16.95356,0,294.6,0
12.18837,-11.09073,0,-16.95356,0,294.5333,0
12.19304,-11.09073,0,-16.95356,0,294.5111,0
12.1983,-11.09073,0,-16.95356,0,294.5037,0
12.20253,-11.27057,0,-16.87159,0,294.5012,0
12.20728,-11.27057,0,-16.87159,0,294.5004,0
12.21185,-11.27057,0,-16.87159,0,294.4335,0
12.21608,-11.27057,0,-16.87159,0,294.4111,0
12.22155,-11.45055,0,-16.7899,0,294.4037,0
12.22724,-11.45055,0,-16.7899,0,294.3346,0
12.231,-11.45055,0,-16.7899,0,294.3115,0
12.23571,-11.45055,0,-16.7899,0,294.2372,0
12.24019,-11.63077,0,-16.70877,0,294.2124,0
12.24648,-11.63077,0,-16.70877,0,294.1375,0
12.25057,-11.63077,0,-16.70877,0,294.0458,0
12.25535,-11.63077,0,-16.70877,0,294.0153,0
12.26027,-11.81131,0,-16.62833,0,293.9384,0
12.26448,-11.81131,0,-16.62833,0,293.9128,0
12.26968,-11.81131,0,-16.62833,0,293.8376,0
12.27478,-11.81131,0,-16.62833,0,293.8125,0
12.27858,-11.81131,0,-16.62833,0,293.8042,0
12.28342,-11.99214,0,-16.54856,0,293.7347,0
12.28824,-11.99214,0,-16.54856,0,293.7115,0
12.29264,-11.99214,0,-16.54856,0,293.6372,0
12.29815,-11.99214,0,-16.54856,0,293.5457,0
12.30261,-12.17333,0,-16.4696,0,293.5152,0
12.30715,-12.17333,0,-16.4696,0,293.4384,0
12.3119,-12.17333,0,-16.4696,0,293.4128,0
12.31609,-12.17333,0,-16.4696,0,293.4042,0
12.32053,-12.35472,0,-16.39109,0,293.4014,0
12.32559,-12.35472,0,-16.39109,0,293.3338,0
12.32975,-12.35472,0,-16.39109,0,293.3113,0
12.33391,-12.35472,0,-16.39109,0,293.3037,0
12.33831,-12.35472,0,-16.39109,0,293.3012,0
12.34332,-12.53624,0,-16.31291,0,293.3004,0
12.34762,-12.53624,0,-16.31291,0,293.3001,0
12.35237,-12.53624,0,-16.31291,0,293.2334,0
12.35623,-12.53624,0,-16.31291,0,293.2111,0
12.36135,-12.71789,0,-16.23501,0,293.2037,0
12.36738,-12.71789,0,-16.23501,0,293.2012,0
12.37223,-12.71789,0,-16.23501,0,293.2004,0
12.37906,-12.71789,0,-16.23501,0,293.2001,0
12.38586,-12.89955,0,-16.15715,0,293.2,0
12.3958,-12.89955,0,-16.15715,0,293.1334,0
12.40448,-13.08131,0,-16.0795,0,292.9778,0
12.42231,-13.26327,0,-16.00235,0,292.726,0
12.42819,-13.26327,0,-16.00235,0,292.1753,0
12.43235,-13.26327,0,-16.00235,0,291.9251,0
12.43828,-13.26327,0,-16.00235,0,291.575,0
12.44309,-13.44707,0,-15.92967,0,291.2584,0
12.44818,-13.44707,0,-15.92967,0,290.9528,0
12.45243,-13.44707,0,-15.92967,0,290.7176,0
12.45686,-13.44707,0,-15.92967,0,290.5059,0
12.46257,-13.63219,0,-15.86043,0,290.3686,0
12.4673,-13.63219,0,-15.86043,0,290.2562,0
12.47202,-13.63219,0,-15.86043,0,290.2188,0
12.47678,-13.63219,0,-15.86043,0,290.2062,0
12.48049,-13.81767,0,-15.79216,0,290.2021,0
12.486,-13.81767,0,-15.79216,0,290.2007,0
12.49045,-13.81767,0,-15.79216,0,290.2002,0
12.49421,-13.81767,0,-15.79216,0,290.2001,0
12.49845,-13.81767,0,-15.79216,0,290.2,0
12.50267,-14.00316,0,-15.72392,0,290.2,0
12.50701,-14.00316,0,-15.72392,0,290.2,0
12.51211,-14.00316,0,-15.72392,0,290.2,0
12.5163,-14.00316,0,-15.72392,0,290.2,0
12.52035,-14.18865,0,-15.65567,0,290.2,0
12.52545,-14.18865,0,-15.65567,0,290.2,0
12.52934,-14.18865,0,-15.65567,0,290.2,0
12.53471,-14.18865,0,-15.65567,0,290.1333,0
12.53924,-14.18865,0,-15.65567,0,290.1111,0
12.54307,-14.37424,0,-15.58771,0,290.1037,0
12.54871,-14.37424,0,-15.58771,0,290.0345,0
12.5533,-14.37424,0,-15.58771,0,290.0115,0
12.55922,-14.37424,0,-15.58771,0,289.9372,0
12.5635,-14.56004,0,-15.52032,0,289.8457,0
12.56791,-14.56004,0,-15.52032,0,289.8152,0
12.57211,-14.56004,0,-15.52032,0,289.8051,0
12.5762,-14.56004,0,-15.52032,0,289.8017,0
12.58151,-14.746,0,-15.45336,0,289.8006,0
12.58602,-14.746,0,-15.45336,0,289.8002,0
12.59014,-14.746,0,-15.45336,0,289.8,0
12.59467,-14.746,0,-15.45336,0,289.8,0
12.59854,-14.746,0,-15.45336,0,289.8,0
12.60296,-14.93196,0,-15.38641,0,289.8,0
12.60856,-14.93196,0,-15.38641,0,289.8,0
12.61239,-14.93196,0,-15.38641,0,289.8,0
12.61653,-14.93196,0,-15.38641,0,289.8,0
12.62146,-15.11792,0,-15.31946,0,289.8,0
12.62578,-15.11792,0,-15.31946,0,289.8,0
12.63066,-15.11792,0,-15.31946,0,289.8,0
12.63519,-15.11792,0,-15.31946,0,289.8,0
12.6399,-15.11792,0,-15.31946,0,289.7333,0
12.64439,-15.30396,0,-15.25273,0,289.7111,0
12.64924,-15.30396,0,-15.25273,0,289.7037,0
12.65361,-15.30396,0,-15.25273,0,289.7012,0
12.65799,-15.30396,0,-15.25273,0,289.7004,0
12.66209,-15.49004,0,-15.1861,0,289.7001,0
12.66674,-15.49004,0,-15.1861,0,289.7,0
12.67114,-15.49004,0,-15.1861,0,289.7,0
12.67586,-15.49004,0,-15.1861,0,289.7,0
12.68044,-15.67612,0,-15.11948,0,289.7,0
12.68567,-15.67612,0,-15.11948,0,289.6333,0
12.69031,-15.67612,0,-15.11948,0,289.6111,0
12.69422,-15.67612,0,-15.11948,0,289.6037,0
12.69888,-15.67612,0,-15.11948,0,289.6013,0
12.70439,-15.86231,0,-15.05317,0,289.5338,0
12.70936,-15.86231,0,-15.05317,0,289.5113,0
12.71377,-15.86231,0,-15.05317,0,289.5038,0
12.71864,-15.86231,0,-15.05317,0,289.5013,0
12.72264,-16.04862,0,-14.98719,0,289.5004,0
12.72878,-16.04862,0,-14.98719,0,289.4335,0
12.73337,-16.04862,0,-14.98719,0,289.4112,0
12.73839,-16.04862,0,-14.98719,0,289.4037,0
12.74324,-16.23504,0,-14.92153,0,289.4012,0
12.74896,-16.23504,0,-14.92153,0,289.3337,0
12.75481,-16.23504,0,-14.92153,0,289.3112,0
12.7605,-16.42156,0,-14.85617,0,289.2371,0
12.76569,-16.42156,0,-14.85617,0,289.2124,0
12.77036,-16.42156,0,-14.85617,0,289.2041,0
12.77621,-16.42156,0,-14.85617,0,289.1347,0
12.78,-16.42156,0,-14.85617,0,289.1116,0
12.78404,-16.60831,0,-14.79146,0,289.1039,0
12.78953,-16.60831,0,-14.79146,0,289.1013,0
12.79328,-16.60831,0,-14.79146,0,289.1004,0
12.79809,-16.60831,0,-14.79146,0,289.1002,0
12.80312,-16.79508,0,-14.72679,0,289.0334,0
12.80725,-16.79508,0,-14.72679,0,289.0111,0
12.81155,-16.79508,0,-14.72679,0,289.0037,0
12.81631,-16.79508,0,-14.72679,0,289.0013,0
12.82009,-16.98196,0,-14.66244,0,289.0004,0
12.82532,-16.98196,0,-14.66244,0,289.0002,0
12.83017,-16.98196,0,-14.66244,0,289.0001,0
12.83396,-16.98196,0,-14.66244,0,289,0
12.83831,-16.98196,0,-14.66244,0,289,0
12.84227,-17.16883,0,-14.59809,0,289,0
12.84762,-17.16883,0,-14.59809,0,289,0
12.85207,-17.16883,0,-14.59809,0,289,0
12.85589,-17.16883,0,-14.59809,0,289,0
12.86022,-17.35571,0,-14.53374,0,289,0
12.86561,-17.35571,0,-14.53374,0,289,0
12.87058,-17.35571,0,-14.53374,0,289,0
12.8752,-17.35571,0,-14.53374,0,289,0
12.87969,-17.35571,0,-14.53374,0,289,0
12.88362,-17.54259,0,-14.46939,0,289,0
12.88836,-17.54259,0,-14.46939,0,289,0
12.89413,-17.54259,0,-14.46939,0,289,0
12.90043,-17.72947,0,-14.40505,0,289,0
12.90718,-17.72947,0,-14.40505,0,289,0
12.91097,-17.72947,0,-14.40505,0,289,0
12.91533,-17.72947,0,-14.40505,0,289,0
12.92046,-17.91635,0,-14.3407,0,289,0
12.92485,-17.91635,0,-14.3407,0,289,0
12.92898,-17.91635,0,-14.3407,0,289,0
12.93327,-17.91635,0,-14.3407,0,289,0
12.93744,-17.91635,0,-14.3407,0,289,0
12.94247,-18.10323,0,-14.27635,0,289,0
12.94684,-18.10323,0,-14.27635,0,289,0
12.9509,-18.10323,0,-14.27635,0,289,0
12.95534,-18.10323,0,-14.27635,0,289,0
12.9591,-18.10323,0,-14.27635,0,289,0
12.96353,-18.2901,0,-14.212,0,289,0
12.96976,-18.2901,0,-14.212,0,289,0
12.97391,-18.2901,0,-14.212,0,289,0
12.97833,-18.2901,0,-14.212,0,289,0
12.98331,-18.47698,0,-14.14766,0,289,0
12.98806,-18.47698,0,-14.14766,0,289,0
12.99298,-18.47698,0,-14.14766,0,289,0
12.99789,-18.47698,0,-14.14766,0,289,0
13.00213,-18.66386,0,-14.08331,0,289,0
13.00667,-18.66386,0,-14.08331,0,289,0
13.01153,-18.66386,0,-14.08331,0,289,0
13.01692,-18.66386,0,-14.08331,0,289,0
13.02108,-18.85074,0,-14.01896,0,289,0
13.02604,-18.85074,0,-14.01896,0,289,0
13.03024,-18.85074,0,-14.01896,0,289,0
13.03422,-18.85074,0,-14.01896,0,289,0
13.03933,-18.85074,0,-14.01896,0,289,0
13.04602,-19.03762,0,-13.95462,0,289,0
13.05427,-19.03762,0,-13.95462,0,289,0
13.06038,-19.22449,0,-13.89027,0,289,0
13.06623,-19.22449,0,-13.89027,0,289,0
13.07043,-19.22449,0,-13.89027,0,289,0
13.07489,-19.22449,0,-13.89027,0,289,0
13.07913,-19.22449,0,-13.89027,0,289,0
13.08304,-19.41137,0,-13.82592,0,289,0
13.08875,-19.41137,0,-13.82592,0,289,0
13.09287,-19.41137,0,-13.82592,0,289,0
13.09694,-19.41137,0,-13.82592,0,289,0
13.10172,-19.59825,0,-13.76157,0,289,0
13.10643,-19.59825,0,-13.76157,0,289,0
13.11116,-19.59825,0,-13.76157,0,289,0
13.11568,-19.59825,0,-13.76157,0,289,0
13.1195,-19.59825,0,-13.76157,0,289,0
13.12364,-19.78513,0,-13.69723,0,289,0
13.12823,-19.78513,0,-13.69723,0,289,0
13.13216,-19.78513,0,-13.69723,0,289,0
13.13748,-19.78513,0,-13.69723,0,289,0
13.14165,-19.97201,0,-13.63288,0,289,0
13.14628,-19.97201,0,-13.63288,0,289,0
13.15069,-19.97201,0,-13.63288,0,289,0
13.15467,-19.97201,0,-13.63288,0,289,0
13.15961,-19.97201,0,-13.63288,0,289,0
13.1641,-20.15889,0,-13.56853,0,289,0
13.16824,-20.15889,0,-13.56853,0,289,0
13.17246,-20.15889,0,-13.56853,0,289,0
13.1771,-20.15889,0,-13.56853,0,289,0
13.18103,-20.34576,0,-13.50419,0,289,0
13.1867,-20.34576,0,-13.50419,0,289,0
13.19124,-20.34576,0,-13.50419,0,289,0
13.19523,-20.34576,0,-13.50419,0,289,0
13.19954,-20.34576,0,-13.50419,0,289,0
13.20351,-20.53264,0,-13.43984,0,289,0
13.2086,-20.53264,0,-13.43984,0,289,0
13.21302,-20.53264,0,-13.43984,0,289,0
13.2168,-20.53264,0,-13.43984,0,289,0
13.22116,-20.71952,0,-13.37549,0,289,0
13.22636,-20.71952,0,-13.37549,0,289.1334,0
13.23242,-20.71952,0,-13.37549,0,289.3778,0
13.23733,-20.71952,0,-13.37549,0,289.6593,0
13.24247,-20.90565,0,-13.309,0,289.9531,0
13.2481,-20.90565,0,-13.309,0,290.451,0
13.25336,-20.90565,0,-13.309,0,291.0837,0
13.25832,-20.90565,0,-13.309,0,291.6946,0
13.26307,-21.08929,0,-13.23594,0,292.2315,0
13.26927,-21.08929,0,-13.23594,0,292.8772,0
13.2744,-21.08929,0,-13.23594,0,293.5591,0
13.28083,-21.27046,0,-13.15694,0,294.2531,0
13.28582,-21.27046,0,-13.15694,0,294.8843,0
13.29082,-21.27046,0,-13.15694,0,295.5615,0
13.29662,-21.27046,0,-13.15694,0,296.2538,0
13.30332,-21.44772,0,-13.06952,0,297.0846,0
13.30904,-21.44772,0,-13.06952,0,297.8282,0
13.31377,-21.44772,0,-13.06952,0,298.5428,0
13.31881,-21.44772,0,-13.06952,0,299.1809,0
13.32435,-21.62028,0,-12.97315,0,299.8603,0
13.33023,-21.62028,0,-12.97315,0,300.4868,0
13.33481,-21.62028,0,-12.97315,0,300.9622,0
13.33956,-21.62028,0,-12.97315,0,301.3874,0
13.34464,-21.789,0,-12.87021,0,301.7958,0
13.35158,-21.789,0,-12.87021,0,302.1986,0
13.35889,-21.789,0,-12.87021,0,302.5329,0
13.36646,-21.95564,0,-12.76392,0,302.711,0
13.37126,-21.95564,0,-12.76392,0,302.7703,0
13.37595,-21.95564,0,-12.76392,0,302.7901,0
13.38025,-22.12179,0,-12.65689,0,302.7967,0
13.38486,-22.12179,0,-12.65689,0,302.7989,0
13.38894,-22.12179,0,-12.65689,0,302.7997,0
13.39355,-22.12179,0,-12.65689,0,302.7999,0
13.39762,-22.12179,0,-12.65689,0,302.8,0
13.40248,-22.28792,0,-12.54982,0,302.8,0
13.40758,-22.28792,0,-12.54982,0,302.8,0
13.41155,-22.28792,0,-12.54982,0,302.8,0
13.416,-22.28792,0,-12.54982,0,302.8,0
13.42042,-22.45406,0,-12.44275,0,302.8,0
13.42537,-22.45406,0,-12.44275,0,302.8,0
13.42962,-22.45406,0,-12.44275,0,302.8,0
13.43403,-22.45406,0,-12.44275,0,302.8,0
13.43789,-22.45406,0,-12.44275,0,302.8,0
13.44237,-22.62019,0,-12.33569,0,302.8,0
13.44803,-22.62019,0,-12.33569,0,302.8,0
13.45196,-22.62019,0,-12.33569,0,302.8,0
13.45636,-22.62019,0,-12.33569,0,302.8,0
13.46028,-22.78632,0,-12.22862,0,302.8,0
13.4648,-22.78632,0,-12.22862,0,302.8,0
13.46906,-22.78632,0,-12.22862,0,302.8,0
13.47338,-22.78632,0,-12.22862,0,302.8,0
13.47782,-22.78632,0,-12.22862,0,302.8,0
13.48213,-22.95246,0,-12.12156,0,302.8,0
13.48644,-22.95246,0,-12.12156,0,302.8,0
13.49099,-22.95246,0,-12.12156,0,302.8,0
13.49609,-22.95246,0,-12.12156,0,302.8,0
13.49996,-22.95246,0,-12.12156,0,302.8,0
13.50492,-23.11859,0,-12.01449,0,302.8,0
13.50967,-23.11859,0,-12.01449,0,302.8,0
13.5136,-23.11859,0,-12.01449,0,302.8,0
13.51887,-23.11859,0,-12.01449,0,302.8,0
13.52343,-23.28473,0,-11.90743,0,302.8,0
13.52888,-23.28473,0,-11.90743,0,302.8,0
13.5335,-23.28473,0,-11.90743,0,302.8,0
13.53837,-23.28473,0,-11.90743,0,302.8,0
13.54409,-23.45086,0,-11.80036,0,302.7333,0
13.54915,-23.45086,0,-11.80036,0,302.6444,0
13.55455,-23.45086,0,-11.80036,0,302.5482,0
13.56012,-23.61746,0,-11.69403,0,302.3827,0
13.56855,-23.61746,0,-11.69403,0,302.1276,0
13.57461,-23.61746,0,-11.69403,0,301.8425,0
13.58091,-23.78536,0,-11.58975,0,301.4808,0
13.58683,-23.78536,0,-11.58975,0,301.0936,0
13.59305,-23.78536,0,-11.58975,0,300.5645,0
13.59762,-23.78536,0,-11.58975,0,300.0548,0
