time,FPS
3.98093,292
4.014835,292
4.019963,292
4.024818,292
4.029459,292
4.033644,292
4.037372,292
4.0424,292
4.049721,292
4.058747,292
4.062478,292
4.067358,292
4.073226,292
4.078388,292
4.082582,292
4.086618,292
4.090161,292
4.094279,292
4.09795,292
4.102277,292
4.106896,292
4.110409,292
4.114888,292
4.120959,292
4.125053,292
4.129292,292
4.132977,292
4.136748,292
4.140244,292
4.144552,292
4.152127,292
4.186012,292
4.190236,292
4.193971,292
4.197788,292
4.201585,292
4.205826,292
4.209512,292
4.213261,292
4.216876,292
4.220519,292
4.22505,292
4.228693,292
4.23259,292
4.236051,292
4.240487,292
4.244876,292
4.248895,292
4.253225,292
4.256936,292
4.26488,292
4.269631,292
4.274153,292
4.278535,292
4.283389,292
4.288561,292
4.293041,292
4.29821,292
4.302903,292
4.308016,292
4.313111,292
4.317427,292
4.321727,292
4.326563,292
4.331591,292
4.336043,292
4.340394,292
4.345513,292
4.350172,292
4.354557,292
4.359293,292
4.363697,292
4.368573,292
4.378053,292
4.382463,292
4.387533,292
4.39361,292
4.397878,292
4.40238,292
4.407598,292
4.412552,292
4.416791,292
4.421659,292
4.426707,292
4.431157,292
4.435541,292
4.440865,292
4.445512,292
4.450398,292
4.455048,292
4.459629,192
4.463973,192
4.468993,192
4.473559,192
4.482683,192
4.488459,192
4.492677,192
4.497616,192
4.50216,192
4.507239,192
4.512263,192
4.516968,192
4.521498,192
4.526362,192
4.530848,192
4.535363,192
4.540086,192
4.544889,192
4.549349,192
4.553372,192
4.558781,192
4.565649,192
4.571728,192
4.576084,192
4.580675,192
4.585401,192
4.589736,192
4.594654,192
4.603232,192
4.607905,192
4.612799,192
4.616662,192
4.620722,192
4.625157,192
4.6295,192
4.632961,192
4.636525,192
4.640236,192
4.644341,192
4.648223,192
4.651786,192
4.655368,192
4.658978,192
4.662613,192
4.666339,192
4.66986,192
4.673541,192
4.677018,192
4.680397,192
4.684515,192
4.688295,192
4.692512,192
4.696135,192
4.699808,192
4.703407,192
4.708071,192
4.71167,192
4.721466,192
4.725313,192
4.728604,192
4.732498,192
4.735841,192
4.739657,192
4.743106,192
4.747057,192
4.750432,192
4.754369,192
4.757891,192
4.761547,192
4.765429,192
4.769262,192
4.773495,192
4.777232,192
4.781559,192
4.78675,192
4.791006,192
4.795112,192
4.798786,192
4.802996,192
4.807656,192
4.811666,192
4.816595,192
4.820051,192
4.824642,192
4.829378,192
4.833391,192
4.841761,192
4.846626,192
4.851014,192
4.855477,192
4.860423,192
4.864992,192
4.868981,192
4.873315,192
4.877729,192
4.881975,192
4.886502,192
4.890958,192
4.895457,192
4.899813,192
4.903901,192
4.908669,192
4.912715,192
4.916575,192
4.920755,192
4.925571,192
4.929472,192
4.933429,192
4.936804,192
4.941019,192
4.948561,192
4.956254,192
4.959833,224
4.963337,224
4.967182,224
4.971024,224
4.974757,224
4.978197,224
4.981773,224
4.985494,224
4.989083,224
4.992632,224
4.996088,224
4.999466,224
5.003865,224
5.007643,224
5.011162,224
5.01448,224
5.018826,224
5.022803,224
5.026974,224
5.030409,224
5.034875,224
5.038556,224
5.042036,224
5.046507,224
5.050416,224
5.054102,224
5.057741,224
5.061332,224
5.065584,224
5.069141,224
5.072811,224
5.076228,224
5.080003,224
5.088063,224
5.095943,224
5.103725,224
5.107625,224
5.11118,224
5.114892,224
5.11829,224
5.122086,224
5.12574,224
5.129549,224
5.132981,224
5.136478,224
5.139801,224
5.143692,224
5.147729,224
5.151269,224
5.154884,224
5.158544,224
5.162482,224
5.166294,224
5.169903,224
5.173306,224
5.177232,224
5.180756,224
5.184858,224
5.188231,224
5.192113,224
5.195478,224
5.199271,224
5.202927,224
5.207365,224
5.214231,224
5.222195,224
5.227939,224
5.232434,224
5.236224,224
5.24081,224
5.245587,224
5.249636,224
5.254061,224
5.257936,224
5.262275,224
5.266359,224
5.26997,224
5.273641,224
5.2771,224
5.281207,224
5.285007,224
5.288994,224
5.29258,224
5.296518,224
5.30007,224
5.304781,224
5.308424,224
5.31203,224
5.316191,224
5.320221,224
5.324497,224
5.328577,224
5.332754,224
5.33756,224
5.341743,224
5.351071,224
5.359123,224
5.36391,224
5.368675,224
5.373442,224
5.37732,224
5.381486,224
5.386692,224
5.390044,224
5.393909,224
5.397241,224
5.401702,224
5.406445,224
5.410429,224
5.415254,224
5.419479,224
5.423381,224
5.429502,224
5.433965,224
5.437813,224
5.442194,224
5.447619,224
5.451429,224
5.455533,224
5.459564,238
5.463907,238
5.468527,238
5.472699,238
5.477358,238
5.484674,238
5.493287,238
5.497493,238
5.50205,238
5.506424,238
5.511374,238
5.515665,238
5.519705,238
5.524552,238
5.528798,238
5.533427,238
5.537607,238
5.542549,238
5.547523,238
5.552212,238
5.556834,238
5.561666,238
5.566697,238
5.570715,238
5.575466,238
5.579735,238
5.584031,238
5.589292,238
5.593988,238
5.598094,238
5.602561,238
5.607967,238
5.611941,238
5.620303,238
5.629891,238
5.634405,238
5.638532,238
5.643355,238
5.647806,238
5.652414,238
5.656715,238
5.660161,238
5.664772,238
5.669386,238
5.673295,238
5.677195,238
5.680834,238
5.6856,238
5.689302,238
5.693341,238
5.697032,238
5.700939,238
5.705599,238
5.709157,238
5.713355,238
5.717363,238
5.721245,238
5.72537,238
5.729028,238
5.733565,238
5.740633,238
5.749354,238
5.753295,238
5.756783,238
5.761061,238
5.764844,238
5.769077,238
5.773377,238
5.777256,238
5.781149,238
5.78509,238
5.788893,238
5.7932,238
5.79714,238
5.801437,238
5.805362,238
5.809838,238
5.81335,238
5.817027,238
5.828633,238
5.83265,238
5.836484,238
5.840131,238
5.844197,238
5.847718,238
5.851769,238
5.85549,238
5.859282,238
5.863152,238
5.867115,238
5.871308,238
5.874826,238
5.878918,238
5.882616,238
5.887269,238
5.89116,238
5.894597,238
5.898339,238
5.903148,238
5.907464,238
5.911028,238
5.914746,238
5.918598,238
5.922442,238
5.926692,238
5.930349,238
5.934908,238
5.938566,238
5.946179,238
5.955412,218
5.96334,218
5.975105,218
5.978693,218
5.983163,218
5.986949,218
5.990555,218
5.994215,218
5.998297,218
6.001967,218
6.005862,218
6.009752,218
6.013553,218
6.017488,218
6.02129,218
6.025532,218
6.029455,218
6.03398,218
6.037755,218
6.041476,218
6.046713,218
6.050224,218
6.0545,218
6.058585,218
6.062312,218
6.067462,218
6.071869,218
6.07586,218
6.079758,218
6.083949,218
6.088641,218
6.094125,218
6.101595,218
6.111654,218
6.116008,218
6.1203,218
6.12467,218
6.128996,218
6.132589,218
6.136402,218
6.140195,218
6.144435,218
6.148113,218
6.152091,218
6.156388,218
6.160304,218
6.16455,218
6.168517,218
6.173262,218
6.177085,218
6.180655,218
6.185021,218
6.189183,218
6.193042,218
6.196795,218
6.200251,218
6.204865,218
6.208861,218
6.212795,218
6.216164,218
6.220317,218
6.225105,218
6.228514,218
6.235524,218
6.244836,218
6.249141,218
6.253447,218
6.256881,218
6.26086,218
6.264526,218
6.268395,218
6.272098,218
6.275866,218
6.279809,218
6.283654,218
6.288092,218
6.291715,218
6.295494,218
6.299164,218
6.303524,218
6.30762,218
6.311263,218
6.315651,218
6.319106,218
6.323073,218
6.326839,218
6.331608,218
6.335499,218
6.33966,218
6.344261,218
6.348898,218
6.353498,218
6.358658,218
6.363672,218
6.372588,218
6.382114,218
6.387359,218
6.39166,218
6.39624,218
6.400519,218
6.405488,218
6.41014,218
6.414604,218
6.419482,218
6.423513,218
6.428533,218
6.432755,218
6.436862,218
6.442319,218
6.447593,218
6.451694,218
6.45649,218
6.461414,224
6.466121,224
6.470682,224
6.475607,224
6.480017,224
6.48537,224
6.490589,224
6.494858,224
6.49948,224
6.50511,224
6.51006,224
6.514442,224
6.518684,224
6.523493,224
6.527977,224
6.532495,224
6.540435,224
6.551548,224
6.556231,224
6.560635,224
6.565754,224
6.570508,224
6.575029,224
6.579768,224
6.584014,224
6.588924,224
6.593569,224
6.597728,224
6.60257,224
6.607496,224
6.611677,224
6.616776,224
6.621621,224
6.626397,224
6.630669,224
6.635592,224
6.639617,224
6.644471,224
6.650169,224
6.654457,224
6.658657,224
6.663631,224
6.668501,224
6.672931,224
6.678336,224
6.682786,224
6.687579,224
6.693045,224
6.697723,224
6.701727,224
6.706616,224
6.711748,224
6.715861,224
6.720366,224
6.725585,224
6.733854,224
6.743874,224
6.748544,224
6.753252,224
6.758427,224
6.763311,224
6.768406,224
6.773899,224
6.778329,224
6.782784,224
6.7877,224
6.791662,224
6.796326,224
6.800466,224
6.805846,224
6.810358,224
6.814271,224
6.820049,224
6.826728,224
6.831831,224
6.836538,224
6.840382,224
6.846505,224
6.851998,224
6.856704,224
6.860206,224
6.865095,224
6.868978,224
6.873497,224
6.877109,224
6.881116,224
6.885858,224
6.889904,224
6.89415,224
6.898512,224
6.902356,224
6.906824,224
6.913913,224
6.923051,224
6.927127,224
6.930507,224
6.934644,224
6.93802,224
6.941811,224
6.945817,224
6.949944,224
6.953691,224
6.957136,224
6.961229,206
6.965543,206
6.969303,206
6.97283,206
6.976558,206
6.980437,206
6.985059,206
6.98983,206
6.993875,206
6.997853,206
7.001558,206
7.005558,206
7.009172,206
7.013085,206
7.016651,206
7.020018,206
7.023995,206
7.028145,206
7.03251,206
7.037107,206
7.040911,206
7.045194,206
7.04887,206
7.052756,206
7.056391,206
7.060235,206
7.064321,206
7.071508,206
7.080947,206
7.084793,206
7.08833,206
7.092252,206
7.095702,206
7.099156,206
7.102672,206
7.106729,206
7.110137,206
7.114178,206
7.117531,206
7.121942,206
7.126464,206
7.129791,206
7.133788,206
7.138192,206
7.142564,206
7.146882,206
7.150692,206
7.154899,206
7.158969,206
7.163559,206
7.168283,206
7.172783,206
7.176719,206
7.180665,206
7.185488,206
7.18981,206
7.194368,206
7.199425,206
7.203784,206
7.208482,206
7.213556,206
7.218368,206
7.222433,206
7.227555,206
7.232708,206
7.241613,206
7.251504,206
7.259346,206
7.268757,206
7.273573,206
7.277558,206
7.282298,206
7.286735,206
7.290665,206
7.295042,206
7.299564,206
7.303689,206
7.308046,206
7.312574,206
7.316172,206
7.320069,206
7.324223,206
7.328052,206
7.331959,206
7.336176,206
7.339734,206
7.343554,206
7.347524,206
7.351066,206
7.354509,206
7.358025,206
7.361642,206
7.365537,206
7.368867,206
7.372463,206
7.376204,206
7.379842,206
7.383388,206
7.387311,206
7.391008,206
7.394535,206
7.398062,206
7.401629,206
7.408565,206
7.417955,206
7.42194,206
7.425788,206
7.429115,206
7.432609,206
7.435984,206
7.439923,206
7.443349,206
7.447197,206
7.450602,206
7.454674,206
7.458011,206
7.461471,232
7.465141,232
7.468585,232
7.472206,232
7.475642,232
7.47903,232
7.482652,232
7.486707,232
7.490358,232
7.493816,232
7.497285,232
7.501085,232
7.505323,232
7.508847,232
7.512407,232
7.51606,232
7.519679,232
7.523492,232
7.527331,232
7.530975,232
7.534701,232
7.53816,232
7.541627,232
7.545497,232
7.552622,232
7.561867,232
7.566897,232
7.570502,232
7.574034,232
7.577526,232
7.581887,232
7.585722,232
7.589177,232
7.592881,232
7.596556,232
7.600253,232
7.604268,232
7.607826,232
7.623148,232
7.628163,232
7.631674,232
7.63554,232
7.639005,232
7.643337,232
7.647204,232
7.651015,232
7.654712,232
7.658453,232
7.662364,232
7.666233,232
7.669991,232
7.673759,232
7.677669,232
7.681102,232
7.685247,232
7.688909,232
7.692862,232
7.696404,232
7.699842,232
7.7035,232
7.70747,232
7.71137,232
7.714954,232
7.718944,232
7.723259,232
7.727526,232
7.731416,232
7.735007,232
7.73918,232
7.74277,232
7.746846,232
7.750218,232
7.754281,232
7.75772,232
7.761485,232
7.765368,232
7.769547,232
7.773396,232
7.782139,232
7.79048,232
7.798033,232
7.810107,232
7.814109,232
7.818187,232
7.82209,232
7.825816,232
7.829513,232
7.833285,232
7.837244,232
7.840858,232
7.844949,232
7.848703,232
7.852428,232
7.856202,232
7.859779,232
7.86418,232
7.868032,232
7.872006,232
7.875529,232
7.879348,232
7.883247,232
7.887265,232
7.890976,232
7.894392,232
7.898362,232
7.901801,232
7.905681,232
7.909021,232
7.913335,232
7.916669,232
7.920118,232
7.923821,232
7.927791,232
7.931262,232
7.934635,232
7.937968,232
7.941714,232
7.946194,232
7.950854,232
7.956413,232
7.960406,240
7.9644,240
7.968278,240
7.97191,240
7.976358,240
7.983244,240
7.995268,240
7.998684,240
8.00223,240
8.006121,240
8.009767,240
8.013227,240
8.016884,240
8.02024,240
8.024737,240
8.028078,240
8.031789,240
8.035179,240
8.038916,240
8.043203,240
8.048363,240
8.052927,240
8.05638,240
8.059951,240
8.063584,240
8.067968,240
8.072247,240
8.076118,240
8.079864,240
8.083783,240
8.087806,240
8.091325,240
8.095052,240
8.09904,240
8.102626,240
8.107244,240
8.110714,240
8.115366,240
8.118962,240
8.123313,240
8.127599,240
8.131705,240
8.135771,240
8.139832,240
8.144352,240
8.14927,240
8.15324,240
8.157663,240
8.163008,240
8.167711,240
8.175819,240
8.187727,240
8.192501,240
8.19689,240
8.201112,240
8.205744,240
8.210757,240
8.214979,240
8.219538,240
8.224154,240
8.228776,240
8.233558,240
8.237684,240
8.242381,240
8.247379,240
8.251783,240
8.256543,240
8.26134,240
8.266433,240
8.270831,240
8.275585,240
8.280055,240
8.284749,240
8.289648,240
8.294688,240
8.299344,240
8.304563,240
8.309644,240
8.314098,240
8.319008,240
8.323735,240
8.328851,240
8.333806,240
8.338969,240
8.344,240
8.348936,240
8.354187,240
8.365487,240
8.388348,240
8.40647,240
8.411777,240
8.41692,240
8.425178,240
8.429738,240
8.435603,240
8.440149,240
8.449726,240
8.457211,240
8.461752,196
8.465706,196
8.469837,196
8.47363,196
8.477974,196
8.485092,196
8.489555,196
8.493493,196
8.497213,196
8.50059,196
8.505213,196
8.512595,196
8.516612,196
8.520273,196
8.524919,196
8.528613,196
8.532945,196
8.536956,196
8.541171,196
8.546053,196
8.550438,196
8.555325,196
8.559896,196
8.564134,196
8.568932,196
8.573934,196
8.578962,196
8.588387,196
8.603722,196
8.609073,196
8.613817,196
8.618759,196
8.623709,196
8.634444,196
8.6391,196
8.644922,196
8.651212,196
8.656173,196
8.66108,196
8.666947,196
8.671837,196
8.677805,196
8.686902,196
8.692704,196
8.698822,196
8.704244,196
8.709155,196
8.7139,196
8.71761,196
8.722062,196
8.727974,196
8.732468,196
8.736574,196
8.745138,196
8.749772,196
8.754602,196
8.760187,196
8.765375,196
8.76997,196
8.775735,196
8.780787,196
8.789119,196
8.794021,196
8.798685,196
8.806519,196
8.815237,196
8.825334,196
8.830411,196
8.834134,196
8.838902,196
8.843544,196
8.848302,196
8.85344,196
8.858137,196
8.862534,196
8.867669,196
8.872761,196
8.877735,196
8.882394,196
8.888573,196
8.894244,196
8.899773,196
8.903508,196
8.908882,196
8.914148,196
8.91851,196
8.922501,196
8.927133,196
8.931272,196
8.935455,196
8.939091,196
8.943134,196
8.948009,196
8.951748,196
8.956092,196
8.960129,190
8.964985,190
8.969774,190
8.974616,190
8.979589,190
8.985363,190
8.991923,190
8.997705,190
9.002604,190
9.011918,190
9.025908,190
9.031129,190
9.035799,190
9.041297,190
9.047841,190
9.054676,190
9.059906,190
9.06474,190
9.069881,190
9.074603,190
9.079805,190
9.084484,190
9.08961,190
9.094752,190
9.099588,190
9.104335,190
9.109424,190
9.113671,190
9.118321,190
9.122563,190
9.127574,190
9.131623,190
9.13647,190
9.140643,190
9.145332,190
9.150014,190
9.154993,190
9.15907,190
9.164766,190
9.169614,190
9.1737,190
9.178527,190
9.183697,190
9.188671,190
9.192979,190
9.197681,190
9.202832,190
9.207556,190
9.213393,190
9.217747,190
9.221707,190
9.226647,190
9.231536,190
9.235678,190
9.244884,190
9.249207,190
9.256269,190
9.274523,190
9.282282,190
9.287095,190
9.291016,190
9.295589,190
9.299612,190
9.303988,190
9.309462,190
9.313494,190
9.317424,190
9.321041,190
9.325551,190
9.329462,190
9.332702,190
9.335996,190
9.33962,190
9.343341,190
9.347038,190
9.350738,190
9.354037,190
9.358002,190
9.36169,190
9.365769,190
9.369203,190
9.373323,190
9.377053,190
9.38112,190
9.385506,190
9.389466,190
9.393468,190
9.397481,190
9.401389,190
9.406609,190
9.41067,190
9.41469,190
9.422775,190
9.427103,190
9.430856,190
9.439279,190
9.443184,190
9.447479,190
9.451237,190
9.454948,190
9.458741,200
9.462269,200
9.465934,200
9.469898,200
9.47354,200
9.477415,200
9.481226,200
9.485421,200
9.489387,200
9.493112,200
9.496992,200
9.501605,200
9.505831,200
9.509346,200
9.512677,200
9.516862,200
9.520614,200
9.528955,200
9.536724,200
9.546487,200
9.559161,200
9.562847,200
9.566809,200
9.570209,200
9.573643,200
9.576967,200
9.580575,200
9.584287,200
9.587679,200
9.591047,200
9.594445,200
9.59796,200
9.601327,200
9.604844,200
9.608106,200
9.611643,200
9.615054,200
9.618341,200
9.621799,200
9.625504,200
9.629539,200
9.633533,200
9.637111,200
9.641041,200
9.6454,200
9.649214,200
9.652933,200
9.65669,200
9.661094,200
9.665467,200
9.669333,200
9.677019,200
9.680879,200
9.685243,200
9.689121,200
9.693109,200
9.697109,200
9.700757,200
9.704551,200
9.708058,200
9.711599,200
9.714881,200
9.718229,200
9.722,200
9.726158,200
9.729354,200
9.732743,200
9.73657,200
9.740912,200
9.745278,200
9.749602,200
9.7554,200
9.760206,200
9.765125,200
9.770962,200
9.775726,200
9.779828,200
9.783633,200
9.788636,200
9.792592,200
9.795989,200
9.800275,200
9.804713,200
9.808446,200
9.815236,200
9.828629,200
9.832797,200
9.836124,200
9.839349,200
9.842663,200
9.846687,200
9.850799,200
9.854556,200
9.862829,200
9.867038,200
9.870989,200
9.874846,200
9.879491,200
9.883661,200
9.887798,200
9.89181,200
9.895815,200
9.899766,200
9.903894,200
9.911622,200
9.915708,200
9.923124,200
9.928388,200
9.935831,200
9.940849,200
9.945569,200
9.949777,200
9.954074,200
9.958744,226
9.962857,226
9.967409,226
9.971242,226
9.975772,226
9.979664,226
9.983594,226
9.988342,226
9.992564,226
9.996647,226
10.00088,226
10.00557,226
10.00951,226
10.01345,226
10.0177,226
10.02242,226
10.02679,226
10.0307,226
10.03451,226
10.039,226
10.04317,226
10.04772,226
10.0526,226
10.05671,226
10.06088,226
10.06564,226
10.073,226
10.08616,226
10.09,226
10.09371,226
10.09741,226
10.10137,226
10.10594,226
10.10932,226
10.1129,226
10.11685,226
10.12065,226
10.12488,226
10.12917,226
10.13334,226
10.13733,226
10.14151,226
10.14579,226
10.14986,226
10.15403,226
10.1579,226
10.1627,226
10.16707,226
10.17111,226
10.17527,226
10.17973,226
10.18399,226
10.18829,226
10.19222,226
10.19652,226
10.20223,226
10.21221,226
10.21628,226
10.22016,226
10.22466,226
10.22823,226
10.23299,226
10.23794,226
10.24274,226
10.24756,226
10.25244,226
10.25702,226
10.26157,226
10.26684,226
10.27124,226
10.2758,226
10.28041,226
10.28934,226
10.30492,226
10.31192,226
10.31651,226
10.32178,226
10.32552,226
10.32974,226
10.33365,226
10.33765,226
10.34123,226
10.3451,226
10.34879,226
10.35262,226
10.35655,226
10.36022,226
10.36479,226
10.36851,226
10.37245,226
10.37604,226
10.37961,226
10.38368,226
10.38829,226
10.39315,226
10.39727,226
10.40195,226
10.40695,226
10.41154,226
10.41656,226
10.42101,226
10.42573,226
10.42992,226
10.43472,226
10.43889,226
10.44331,226
10.44863,226
10.45294,226
10.45741,226
10.46283,218
10.46784,218
10.47238,218
10.47716,218
10.48246,218
10.48773,218
10.49595,218
10.51205,218
10.52053,218
10.52558,218
10.53029,218
10.53446,218
10.54307,218
10.54793,218
10.55282,218
10.55778,218
10.56268,218
10.57188,218
10.5764,218
10.58099,218
10.58648,218
10.59469,218
10.60307,218
10.60773,218
10.61191,218
10.61594,218
10.62004,218
10.62384,218
10.62793,218
10.63187,218
10.63614,218
10.63981,218
10.64408,218
10.64912,218
10.65336,218
10.6572,218
10.66148,218
10.66699,218
10.67081,218
10.67504,218
10.67958,218
10.68449,218
10.68952,218
10.69395,218
10.703,218
10.71505,218
10.72767,218
10.73196,218
10.73544,218
10.73932,218
10.74325,218
10.74763,218
10.75196,218
10.75565,218
10.75985,218
10.76339,218
10.76777,218
10.77148,218
10.77571,218
10.77966,218
10.78339,218
10.7877,218
10.79248,218
10.79642,218
10.80038,218
10.80492,218
10.80938,218
10.81325,218
10.81694,218
10.82068,218
10.82492,218
10.82879,218
10.83247,218
10.83626,218
10.84012,218
10.84428,218
10.8479,218
10.85176,218
10.8557,218
10.85939,218
10.86348,218
10.86731,218
10.87174,218
10.87611,218
10.87975,218
10.88362,218
10.89188,218
10.90373,218
10.9077,218
10.9115,218
10.91496,218
10.91933,218
10.92456,218
10.92881,218
10.93362,218
10.93794,218
10.94215,218
10.94724,218
10.95202,218
10.95648,218
10.96082,200
10.96535,200
10.96949,200
10.97347,200
10.97717,200
10.98141,200
10.98523,200
10.98916,200
10.99265,200
10.9973,200
11.00124,200
11.00516,200
11.00929,200
11.01364,200
11.01814,200
11.02241,200
11.02697,200
11.0311,200
11.03459,200
11.03824,200
11.04205,200
11.04607,200
11.04976,200
11.05348,200
11.05766,200
11.0613,200
11.06548,200
11.07342,200
11.087,200
11.0919,200
11.09556,200
11.09965,200
11.10313,200
11.11466,200
11.12541,200
11.13036,200
11.13455,200
11.13825,200
11.14213,200
11.14586,200
11.14961,200
11.1531,200
11.15921,200
11.16586,200
11.17114,200
11.17527,200
11.17886,200
11.18292,200
11.18723,200
11.19132,200
11.19579,200
11.19939,200
11.20365,200
11.20887,200
11.2159,200
11.2196,200
11.22309,200
11.22701,200
11.23071,200
11.23424,200
11.23802,200
11.24154,200
11.24552,200
11.24941,200
11.25319,200
11.25674,200
11.26064,200
11.2691,200
11.28784,200
11.29182,200
11.29663,200
11.30089,200
11.30481,200
11.30903,200
11.31298,200
11.31676,200
11.32048,200
11.32471,200
11.32933,200
11.33284,200
11.337,200
11.36541,200
11.37257,200
11.37674,200
11.38041,200
11.38503,200
11.38854,200
11.39282,200
11.39636,200
11.40011,200
11.40434,200
11.40833,200
11.4126,200
11.41603,200
11.41992,200
11.42348,200
11.42776,200
11.43498,200
11.44306,200
11.45842,198
11.46521,198
11.46993,198
11.4739,198
11.47752,198
11.48183,198
11.48655,198
11.49039,198
11.49422,198
11.49779,198
11.50209,198
11.506,198
11.50974,198
11.51326,198
11.51744,198
11.52088,198
11.52721,198
11.53627,198
11.5398,198
11.5438,198
11.54761,198
11.55211,198
11.55604,198
11.56035,198
11.56501,198
11.56855,198
11.57254,198
11.57591,198
11.57979,198
11.58346,198
11.58753,198
11.59148,198
11.59525,198
11.599,198
11.60271,198
11.60709,198
11.61104,198
11.61483,198
11.61827,198
11.62181,198
11.62641,198
11.63008,198
11.63397,198
11.63751,198
11.64169,198
11.64552,198
11.64923,198
11.65273,198
11.65635,198
11.66032,198
11.66443,198
11.66836,198
11.6722,198
11.6766,198
11.68016,198
11.68445,198
11.68836,198
11.6922,198
11.69922,198
11.70681,198
11.72242,198
11.72618,198
11.72971,198
11.73358,198
11.73807,198
11.74168,198
11.74612,198
11.74953,198
11.75361,198
11.75717,198
11.76086,198
11.76496,198
11.76913,198
11.7732,198
11.77677,198
11.78075,198
11.78505,198
11.78877,198
11.79303,198
11.79718,198
11.80138,198
11.80525,198
11.80882,198
11.81279,198
11.81665,198
11.82036,198
11.82421,198
11.82809,198
11.83152,198
11.83494,198
11.83831,198
11.84165,198
11.84684,198
11.85027,198
11.85369,198
11.85714,198
11.86076,198
11.86502,198
11.86836,198
11.8719,198
11.87663,198
11.88033,198
11.88506,198
11.88854,198
11.89248,198
11.89649,198
11.8999,198
11.90368,198
11.90782,198
11.91146,198
11.91485,198
11.91846,198
11.9227,198
11.92682,198
11.93028,198
11.93371,198
11.93772,198
11.94206,198
11.94594,198
11.95322,198
11.96225,240
11.97622,240
11.9841,240
11.98905,240
11.99367,240
11.99783,240
12.00283,240
12.00776,240
12.01197,240
12.01637,240
12.02078,240
12.02578,240
12.0336,240
12.04151,240
12.04606,240
12.05441,240
12.05861,240
12.06701,240
12.07574,240
12.08392,240
12.08857,240
12.0934,240
12.09892,240
12.10311,240
12.10807,240
12.1126,240
12.11663,240
12.12066,240
12.12493,240
12.12865,240
12.1326,240
12.13653,240
12.13997,240
12.14393,240
12.14856,240
12.15206,240
12.15562,240
12.15898,240
12.16291,240
12.16715,240
12.1709,240
12.1746,240
12.17872,240
12.18276,240
12.18727,240
12.19129,240
12.19562,240
12.19896,240
12.20236,240
12.20612,240
12.21,240
12.21374,240
12.21747,240
12.2212,240
12.22536,240
12.22943,240
12.2331,240
12.23682,240
12.24071,240
12.24777,240
12.25601,240
12.27305,240
12.27754,240
12.28154,240
12.28619,240
12.29049,240
12.29444,240
12.29831,240
12.30349,240
12.30775,240
12.31181,240
12.31592,240
12.32039,240
12.32485,240
12.3289,240
12.33282,240
12.33652,240
12.34054,240
12.34431,240
12.34769,240
12.35204,240
12.3555,240
12.35899,240
12.36267,240
12.36718,240
12.37101,240
12.3752,240
12.37914,240
12.38367,240
12.38802,240
12.39246,240
12.39734,240
12.40154,240
12.40632,240
12.41037,240
12.41484,240
12.41957,240
12.42377,240
12.42968,240
12.43428,240
12.43901,240
12.44354,240
12.44927,240
12.45437,240
12.4593,208
12.46377,208
12.46872,208
12.47374,208
12.4784,208
12.48306,208
12.48843,208
12.49414,208
12.49807,208
12.50282,208
12.50769,208
12.51247,208
12.51748,208
12.52196,208
12.52747,208
12.53245,208
12.53773,208
12.54246,208
12.55233,208
12.56155,208
12.5727,208
12.58062,208
12.58966,208
12.60593,208
12.61061,208
12.61557,208
12.62164,208
12.62611,208
12.6305,208
12.63498,208
12.63984,208
12.64405,208
12.65354,208
12.65765,208
12.66229,208
12.66658,208
12.67176,208
12.67631,208
12.68021,208
12.68539,208
12.69041,208
12.69464,208
12.70232,208
12.70698,208
12.71169,208
12.71603,208
12.72004,208
12.72463,208
12.72868,208
12.73354,208
12.73736,208
12.74093,208
12.74584,208
12.74943,208
12.7535,208
12.7571,208
12.76157,208
12.76605,208
12.76951,208
12.77334,208
12.77774,208
12.78162,208
12.78633,208
12.79015,208
12.79486,208
12.79913,208
12.80275,208
12.80816,208
12.81167,208
12.81598,208
12.82353,208
12.82811,208
12.83175,208
12.83589,208
12.83983,208
12.84391,208
12.84783,208
12.85512,208
12.86378,208
12.87994,208
12.884,208
12.88815,208
12.89194,208
12.89534,208
12.89903,208
12.90293,208
12.90695,208
12.9106,208
12.91409,208
12.91797,208
12.92153,208
12.92564,208
12.92901,208
12.93315,208
12.93668,208
12.94076,208
12.94471,208
12.94882,208
12.95278,208
12.95646,208
12.96032,200
12.96465,200
12.96889,200
12.97287,200
12.97643,200
12.98161,200
12.98558,200
12.98932,200
12.99315,200
12.99718,200
13.00084,200
13.00466,200
13.00831,200
13.01182,200
13.01575,200
13.01918,200
13.02276,200
13.02636,200
13.03036,200
13.03414,200
13.03808,200
13.04166,200
13.04644,200
13.05049,200
13.05412,200
13.05796,200
13.06187,200
13.066,200
13.06946,200
13.07315,200
13.07736,200
13.08102,200
13.08515,200
13.08871,200
13.09541,200
13.10334,200
13.12044,200
13.12443,200
13.12802,200
13.13152,200
13.13507,200
13.13887,200
13.14287,200
13.14681,200
13.15025,200
13.15423,200
13.15766,200
13.16153,200
13.1653,200
13.16956,200
13.17306,200
13.17699,200
13.1806,200
13.18495,200
13.18862,200
13.19217,200
13.19593,200
13.19977,200
13.20423,200
13.20824,200
13.21222,200
13.21628,200
13.22011,200
13.2242,200
13.22765,200
13.23172,200
13.23514,200
13.23919,200
13.24262,200
13.24672,200
13.25047,200
13.2542,200
13.25792,200
13.2619,200
13.26652,200
13.27,200
13.27367,200
13.27742,200
13.28132,200
13.28536,200
13.28907,200
13.2935,200
13.29703,200
13.30106,200
13.30491,200
13.3089,200
13.31272,200
13.31634,200
13.31978,200
13.32371,200
13.32763,200
13.3314,200
13.33797,200
13.34572,200
13.36136,200
13.36527,200
13.36999,200
13.37365,200
13.37751,200
13.38122,200
13.3857,200
13.38979,200
13.3932,200
13.39695,200
13.40062,200
13.40471,200
13.40833,200
13.41237,200
13.41642,200
13.41993,200
13.42365,200
13.4276,200
13.43179,200
13.43534,200
13.43923,200
13.4537,200
13.46392,232
13.46798,232
13.47163,232
13.47547,232
13.4793,232
13.48313,232
13.4875,232
13.49094,232
13.49509,232
13.49851,232
13.50247,232
13.50633,232
13.51013,232
13.51369,232
13.51756,232
13.52136,232
13.52563,232
13.52934,232
13.53289,232
13.53735,232
13.54108,232
13.54553,232
13.5494,232
13.55341,232
13.56098,232
13.56828,232
13.57246,232
13.57621,232
13.58069,232
13.58583,232
13.58961,232
13.59643,232
13.60419,232
13.62133,232
13.62521,232
13.62956,232
13.63443,232
13.63806,232
13.64259,232
13.64751,232
13.65138,232
13.65584,232
13.65954,232
13.66465,232
13.67022,232
13.67439,232
13.6793,232
13.6841,232
13.68948,232
13.69496,232
13.69969,232
13.70567,232
13.71081,232
13.71624,232
13.72501,232
13.7308,232
13.73568,232
13.7408,232
13.74656,232
13.75176,232
13.75663,232
13.76249,232
13.76835,232
13.77399,232
13.77861,232
13.78782,232
13.79377,232
13.79872,232
13.80444,232
13.81065,232
13.81603,232
13.82338,232
13.82889,232
13.83416,232
13.84052,232
13.84633,232
13.85161,232
13.85658,232
13.8621,232
13.86749,232
13.87257,232
13.8781,232
13.88468,232
13.89016,232
13.89475,232
13.90104,232
13.90646,232
13.91153,232
13.91617,232
13.92123,232
13.92866,232
13.93761,232
13.95547,232
13.95944,186
13.96319,186
13.96807,186
13.97171,186
13.97618,186
13.98104,186
13.9852,186
13.9895,186
13.99389,186
13.99789,186
14.00197,186
14.00615,186
14.01094,186
14.01483,186
14.01878,186
14.02322,186
14.02771,186
14.03209,186
14.03578,186
14.03988,186
14.04446,186
14.04977,186
14.05381,186
14.05968,186
14.06474,186
14.07132,186
14.07576,186
14.08022,186
14.08504,186
14.08964,186
14.094,186
14.0986,186
14.10293,186
14.1078,186
14.11244,186
14.11677,186
14.12163,186
14.12684,186
14.13131,186
14.13655,186
14.14096,186
14.14544,186
14.14999,186
14.15476,186
14.15867,186
14.16363,186
14.16869,186
14.17279,186
14.17728,186
14.18207,186
14.18657,186
14.19098,186
14.19565,186
14.20004,186
14.20468,186
14.20882,186
14.21334,186
14.21784,186
14.22516,186
14.2345,186
14.25087,186
14.25535,186
14.26063,186
14.26538,186
14.26963,186
14.27384,186
14.27814,186
14.28238,186
14.28633,186
14.29025,186
14.29423,186
14.29762,186
14.30124,186
14.30489,186
14.30868,186
14.31234,186
14.31605,186
14.31973,186
14.32362,186
14.32802,186
14.33216,186
14.33573,186
14.33941,186
14.34296,186
14.34662,186
14.35005,186
14.35411,186
14.35761,186
14.36092,186
14.36475,186
14.37121,186
14.37999,186
14.38395,186
14.38802,186
14.39183,186
14.39533,186
14.39894,186
14.40275,186
14.40688,186
14.41059,186
14.41428,186
14.41829,186
14.42181,186
14.42578,186
14.42922,186
14.43285,186
14.43616,186
14.43999,186
14.44353,186
14.44759,186
14.45145,186
14.45584,186
14.46014,224
14.46432,224
14.46805,224
14.47171,224
14.47536,224
14.47935,224
14.48634,224
14.49541,224
14.51137,224
14.51554,224
14.51976,224
14.52388,224
14.52865,224
14.53268,224
14.53695,224
14.54197,224
14.54649,224
14.55068,224
14.5547,224
14.5595,224
14.5637,224
14.56836,224
14.57376,224
14.57814,224
14.58255,224
14.58713,224
14.59163,224
14.59589,224
14.60007,224
14.60491,224
14.60888,224
14.61338,224
14.61742,224
14.62211,224
14.62656,224
14.63078,224
14.63525,224
14.63946,224
14.64324,224
14.64766,224
14.65252,224
14.65665,224
14.66122,224
14.66583,224
14.67032,224
14.67458,224
14.67886,224
14.68348,224
14.68868,224
14.69302,224
14.6973,224
14.70254,224
14.70828,224
14.71272,224
14.71743,224
14.72153,224
14.72629,224
14.73047,224
14.7347,224
14.73883,224
14.74342,224
14.74834,224
14.75243,224
14.75655,224
14.76062,224
14.76649,224
14.77059,224
14.77467,224
14.77942,224
14.78362,224
14.78839,224
14.79357,224
14.80257,224
14.81208,224
14.82076,224
14.8298,224
14.83826,224
14.85488,224
14.85947,224
14.86382,224
14.86872,224
14.87328,224
14.87769,224
14.88233,224
14.88708,224
14.89216,224
14.89672,224
14.90118,224
14.90658,224
14.91154,224
14.91589,224
14.92165,224
14.92726,224
14.93184,224
14.93666,224
14.94143,224
14.94649,224
14.95034,224
14.95441,224
14.95802,224
14.96158,200
14.96574,200
14.96983,200
14.97386,200
14.97741,200
14.98137,200
14.98558,200
14.9893,200
14.99282,200
14.99659,200
15.0006,200
15.00493,200
15.00913,200
15.01309,200
15.01774,200
15.02193,200
15.02657,200
15.03151,200
15.03614,200
15.03993,200
15.04402,200
15.04888,200
15.05324,200
15.05763,200
15.06155,200
15.06686,200
15.07067,200
15.0742,200
15.07845,200
15.08245,200
15.08717,200
15.09127,200
15.0953,200
15.10043,200
15.10523,200
15.10968,200
15.11396,200
15.11854,200
15.12672,200
15.1356,200
15.15156,200
15.15666,200
15.1613,200
15.1657,200
15.17103,200
15.17674,200
15.18206,200
15.18721,200
15.19184,200
15.19678,200
15.20163,200
15.20672,200
15.21137,200
15.21553,200
15.21999,200
15.22461,200
15.22975,200
15.23401,200
15.2394,200
15.24403,200
15.24885,200
15.25425,200
15.25923,200
15.26363,200
15.26871,200
15.27363,200
15.27873,200
15.28347,200
15.28843,200
15.2932,200
15.29817,200
15.30249,200
15.30757,200
15.3119,200
15.31675,200
15.32133,200
15.32572,200
15.32976,200
15.33358,200
15.33712,200
15.34087,200
15.34486,200
15.34869,200
15.35248,200
15.35633,200
15.35984,200
15.36567,200
15.37201,200
15.37631,200
15.38072,200
15.3854,200
15.3895,200
15.39442,200
15.39879,200
15.40309,200
15.40759,200
15.41197,200
15.41611,200
15.42009,200
15.42741,200
15.43529,200
15.45215,200
15.45597,200
15.46004,206
15.46407,206
15.46797,206
15.47159,206
15.47596,206
15.47972,206
15.48347,206
15.48816,206
15.49219,206
15.49612,206
15.49971,206
15.50358,206
15.5081,206
15.51166,206
15.51575,206
15.51921,206
15.52393,206
15.52812,206
15.53194,206
15.53607,206
15.53994,206
15.54424,206
15.54815,206
15.55224,206
15.55651,206
15.5607,206
15.56546,206
15.5699,206
15.57381,206
15.57832,206
15.58183,206
15.58662,206
15.5905,206
15.59422,206
15.59802,206
15.60201,206
15.60653,206
15.61003,206
15.61443,206
15.61893,206
15.62251,206
15.62702,206
15.63056,206
15.63496,206
15.63861,206
15.64252,206
15.64776,206
15.65147,206
15.65558,206
15.65928,206
15.66361,206
15.6683,206
15.67224,206
15.67651,206
15.68082,206
15.685,206
15.68949,206
15.69714,206
15.70598,206
15.72382,206
15.7278,206
15.73204,206
15.73549,206
15.73942,206
15.74326,206
15.74733,206
15.7515,206
15.75504,206
15.75928,206
15.76322,206
15.76747,206
15.77139,206
15.77573,206
15.77994,206
15.78345,206
15.78773,206
15.79161,206
15.79537,206
15.79922,206
15.80281,206
15.80847,206
15.81194,206
15.81566,206
15.81913,206
15.82319,206
15.82722,206
15.83153,206
15.8372,206
15.84213,206
15.846,206
15.85053,206
15.85538,206
15.85957,206
15.86426,206
15.86967,206
15.87439,206
15.87926,206
15.8843,206
15.89036,206
15.89441,206
15.89915,206
15.9037,206
15.90853,206
15.91345,206
15.91882,206
15.92354,206
15.92836,206
15.93436,206
15.93936,206
15.9436,206
15.94882,206
15.95441,206
15.95884,224
15.96356,224
15.96925,224
15.97462,224
15.97908,224
15.98375,224
15.98929,224
15.99766,224
16.00703,224
16.0264,224
16.0322,224
16.03655,224
16.04068,224
16.04558,224
16.05006,224
16.05426,224
16.05988,224
16.06468,224
16.06942,224
16.07472,224
16.07943,224
16.08363,224
16.08838,224
16.09332,224
16.09765,224
16.1017,224
16.10671,224
16.11075,224
16.11425,224
16.11772,224
16.12153,224
16.12592,224
16.12933,224
16.13328,224
16.13674,224
16.14069,224
16.14451,224
16.14795,224
16.1513,224
16.1552,224
16.15864,224
16.16252,224
16.16631,224
16.17023,224
16.17382,224
16.17733,224
16.18116,224
16.18532,224
16.18967,224
16.19327,224
16.19733,224
16.20181,224
16.20646,224
16.21094,224
16.21529,224
16.21919,224
16.22353,224
16.22737,224
16.23147,224
16.23482,224
16.23892,224
16.24253,224
16.24773,224
16.2522,224
16.25555,224
16.25931,224
16.26317,224
16.26731,224
16.27111,224
16.27476,224
16.28198,224
16.29066,224
16.30898,224
16.31318,224
16.31705,224
16.32147,224
16.32609,224
16.3301,224
16.33538,224
16.34068,224
16.34502,224
16.34962,224
16.35384,224
16.35839,224
16.36342,224
16.36812,224
16.37287,224
16.37764,224
16.38211,224
16.38664,224
16.39145,224
16.39564,224
16.39972,224
16.40478,224
16.40974,224
16.41467,224
16.42038,224
16.42565,224
16.42973,224
16.43453,224
16.43953,224
16.44375,224
16.44861,224
16.45363,224
16.45772,224
16.46234,210
16.46839,210
16.47269,210
16.47686,210
16.48168,210
16.48697,210
16.49083,210
16.49473,210
16.49817,210
16.50214,210
16.50578,210
16.5094,210
16.513,210
16.51696,210
16.52063,210
16.52475,210
16.52905,210
16.53354,210
16.53769,210
16.5419,210
16.54733,210
16.55156,210
16.55634,210
16.56056,210
16.56603,210
16.57016,210
16.57435,210
16.57954,210
16.58297,210
16.58747,210
16.59398,210
16.60157,210
16.61908,210
16.62253,210
16.62666,210
16.63025,210
16.6338,210
16.63724,210
16.64087,210
16.64487,210
16.6484,210
16.65194,210
16.65552,210
16.65923,210
16.66274,210
16.66653,210
16.67007,210
16.67402,210
16.67781,210
16.68216,210
16.68715,210
16.69164,210
16.69523,210
16.69866,210
16.70284,210
16.70748,210
16.71124,210
16.71522,210
16.71901,210
16.72353,210
16.72815,210
16.73253,210
16.73792,210
16.74204,210
16.74652,210
16.75076,210
16.7553,210
16.75941,210
16.76409,210
16.76939,210
16.77377,210
16.77787,210
16.78203,210
16.78729,210
16.79155,210
16.79557,210
16.80074,210
16.80526,210
16.80944,210
16.8135,210
16.81819,210
16.82256,210
16.82758,210
16.83248,210
16.83652,210
16.84061,210
16.84528,210
16.85068,210
16.85533,210
16.85963,210
16.86402,210
16.86845,210
16.87265,210
16.87632,210
16.88054,210
16.88478,210
16.89164,210
16.90013,210
16.9175,210
16.92187,210
16.92572,210
16.92923,210
16.93277,210
16.93606,210
16.93947,210
16.94324,210
16.94708,210
16.95056,210
16.95412,210
16.95759,210
16.9613,220
16.96538,220
16.96882,220
16.97291,220
16.97665,220
16.98084,220
16.98458,220
16.98868,220
16.99242,220
16.99666,220
17.00068,220
17.005,220
17.00935,220
17.01368,220
17.01764,220
17.02164,220
17.02654,220
17.03033,220
17.03462,220
17.03958,220
17.04374,220
17.0484,220
17.05226,220
17.05732,220
17.0634,220
17.06992,220
17.07408,220
17.07827,220
17.08266,220
17.08765,220
17.09171,220
17.09559,220
17.10045,220
17.10477,220
17.10842,220
17.11267,220
17.11655,220
17.1205,220
17.1244,220
17.1279,220
17.1318,220
17.13595,220
17.13947,220
17.14296,220
17.14746,220
17.15103,220
17.15472,220
17.15808,220
17.16173,220
17.16601,220
17.16946,220
17.17303,220
17.17645,220
17.18015,220
17.18412,220
17.19258,220
17.20158,220
17.21143,220
17.22258,220
17.23269,220
17.24972,220
17.25381,220
17.25817,220
17.26202,220
17.26621,220
17.26948,220
17.27337,220
17.27687,220
17.28113,220
17.28584,220
17.28961,220
17.2942,220
17.29819,220
17.30242,220
17.30787,220
17.31201,220
17.31596,220
17.32012,220
17.32506,220
17.32904,220
17.33245,220
17.33607,220
17.33978,220
17.34445,220
17.35023,220
17.35413,220
17.35771,220
17.36158,220
17.36563,220
17.36975,220
17.37365,220
17.37741,220
17.38097,220
17.3851,220
17.38931,220
17.3926,220
17.39631,220
17.40087,220
17.40488,220
17.40827,220
17.41249,220
17.41578,220
17.41962,220
17.42314,220
17.42728,220
17.43197,220
17.43851,220
17.44221,220
17.44644,220
17.4502,220
17.45412,220
17.45758,220
17.46117,224
17.46548,224
17.46883,224
17.4727,224
17.47652,224
17.48026,224
17.48464,224
17.48864,224
17.49212,224
17.49645,224
17.50002,224
17.50398,224
17.50831,224
17.51213,224
17.51618,224
17.52291,224
17.53176,224
17.53975,224
17.55437,224
17.55964,224
17.56331,224
17.56748,224
17.57168,224
17.57534,224
17.57888,224
17.58288,224
17.58681,224
17.59149,224
17.59485,224
17.59898,224
17.60247,224
17.60768,224
17.61189,224
17.61743,224
17.62275,224
17.62772,224
17.63214,224
17.63633,224
17.67154,224
17.67671,224
17.68226,224
17.68666,224
17.69085,224
17.69505,224
17.69999,224
17.70451,224
17.7096,224
17.71343,224
17.71788,224
17.72201,224
17.72636,224
17.73058,224
17.73458,224
17.73874,224
17.74312,224
17.74858,224
17.75286,224
17.75744,224
17.76154,224
17.76649,224
17.77097,224
17.77538,224
17.77989,224
17.78465,224
17.78942,224
17.79362,224
17.79873,224
17.80274,224
17.80759,224
17.81262,224
17.82151,224
17.83038,224
17.83891,224
17.84753,224
17.85958,224
17.86733,224
17.87627,224
17.89727,224
17.90151,224
17.90624,224
17.9107,224
17.91457,224
17.91864,224
17.92364,224
17.92814,224
17.93261,224
17.93768,224
17.94162,224
17.94649,224
17.95136,224
17.9555,224
17.96034,182
17.96571,182
17.97003,182
17.97454,182
17.97881,182
17.98344,182
17.98837,182
17.9926,182
17.99669,182
18.0017,182
18.00649,182
18.0106,182
18.0167,182
18.02264,182
18.0277,182
18.03195,182
18.03643,182
18.04056,182
18.04583,182
18.0505,182
18.05461,182
18.05857,182
18.06302,182
18.06746,182
18.07153,182
18.07489,182
18.07942,182
18.08373,182
18.0876,182
18.09118,182
18.09489,182
18.09849,182
18.10204,182
18.10587,182
18.10933,182
18.11294,182
18.11642,182
18.12004,182
18.12467,182
18.12812,182
18.13181,182
18.1353,182
18.13889,182
18.14309,182
18.14719,182
18.15122,182
18.1549,182
18.1592,182
18.16331,182
18.16809,182
18.17182,182
18.17609,182
18.18023,182
18.18418,182
18.18829,182
18.19185,182
18.19552,182
18.19887,182
18.20326,182
18.20726,182
18.21101,182
18.2145,182
18.21832,182
18.22193,182
18.22596,182
18.22977,182
18.2334,182
18.23784,182
18.24147,182
18.24563,182
18.24907,182
18.25291,182
18.25666,182
18.26017,182
18.2642,182
18.26787,182
18.27159,182
18.2751,182
18.27881,182
18.28248,182
18.28653,182
18.29369,182
18.30337,182
18.31202,182
18.33466,182
18.33911,182
18.34305,182
18.34807,182
18.35192,182
18.35606,182
18.3606,182
18.36475,182
18.36903,182
18.37252,182
18.37745,182
18.38226,182
18.3863,182
18.39053,182
18.39408,182
18.39819,182
18.40216,182
18.40669,182
18.41157,182
18.41552,182
18.41954,182
18.42419,182
18.4284,182
18.43274,182
18.43686,182
18.44137,182
18.44585,182
18.44998,182
18.45443,182
18.45901,226
18.46344,226
18.46853,226
18.47341,226
18.47755,226
18.48202,226
18.48794,226
18.49212,226
18.49644,226
18.50053,226
18.50573,226
18.50996,226
18.51425,226
18.5187,226
18.52354,226
18.5285,226
18.53267,226
18.53745,226
18.54173,226
18.54631,226
18.55159,226
18.55595,226
18.56021,226
18.56659,226
18.57189,226
18.57718,226
18.58262,226
18.58758,226
18.59273,226
18.59758,226
18.6023,226
18.60769,226
18.61298,226
18.61817,226
18.62453,226
18.63109,226
18.63572,226
18.64098,226
18.64687,226
18.6514,226
18.6567,226
18.66203,226
18.66776,226
18.67234,226
18.67746,226
18.68232,226
18.68708,226
18.69213,226
18.69662,226
18.70156,226
18.7065,226
18.71146,226
18.71581,226
18.72003,226
18.72499,226
18.72985,226
18.73353,226
18.73844,226
18.74269,226
18.74745,226
18.75205,226
18.75549,226
18.75959,226
18.76326,226
18.76812,226
18.77285,226
18.77732,226
18.78518,226
18.79432,226
18.80313,226
18.81227,226
18.83356,226
18.83864,226
18.84342,226
18.8479,226
18.85206,226
18.85673,226
18.8605,226
18.86517,226
18.86905,226
18.87267,226
18.87674,226
18.88032,226
18.88464,226
18.88862,226
18.89272,226
18.89675,226
18.90019,226
18.90458,226
18.90852,226
18.91249,226
18.91609,226
18.9207,226
18.92575,226
18.9307,226
18.93486,226
18.93926,226
18.94358,226
18.94863,226
18.95347,226
18.95784,226
18.9624,202
18.96745,202
18.97114,202
18.97587,202
18.9797,202
18.9837,202
18.98831,202
18.99187,202
18.99573,202
18.99949,202
19.00336,202
19.00749,202
19.01108,202
19.0152,202
19.01958,202
19.02397,202
19.02872,202
19.03267,202
19.03713,202
19.04124,202
19.04587,202
19.05035,202
19.05424,202
19.05836,202
19.06425,202
19.0689,202
19.07297,202
19.07754,202
19.082,202
19.08738,202
19.09186,202
19.09758,202
19.10206,202
19.10669,202
19.11244,202
19.11649,202
19.12089,202
19.12644,202
19.13057,202
19.13502,202
19.13963,202
19.14395,202
19.14868,202
19.15275,202
19.15882,202
19.16274,202
19.1674,202
19.17308,202
19.17745,202
19.18318,202
19.18777,202
19.1917,202
19.19583,202
19.20011,202
19.20687,202
19.21092,202
19.21543,202
19.21983,202
19.22404,202
19.22872,202
19.23386,202
19.23839,202
19.24274,202
19.24861,202
19.25728,202
19.26566,202
19.27547,202
19.28461,202
19.30562,202
19.31136,202
19.31549,202
19.31959,202
19.32353,202
19.32942,202
19.33362,202
19.33757,202
19.34165,202
19.34656,202
19.3516,202
19.3563,202
19.36071,202
19.3654,202
19.36945,202
19.37633,202
19.38058,202
19.38536,202
19.3905,202
19.39474,202
19.39968,202
19.40545,202
19.41053,202
19.41447,202
19.41855,202
19.42297,202
19.42755,202
19.43166,202
19.43598,202
19.44037,202
19.44556,202
19.45069,202
19.45452,202
19.45861,202
19.46257,202
19.46761,202
19.47169,202
19.4756,202
19.4796,202
19.48388,202
19.48858,202
19.49267,202
19.49655,202
19.50138,202
19.50596,202
19.50994,202
19.51469,202
19.51864,202
19.52274,202
19.52752,202
19.53191,202
19.53654,202
19.54044,202
19.54543,202
19.54956,202
19.55281,202
19.55638,202
19.56021,202
19.56403,202
19.56742,202
19.57105,202
19.57461,202
19.57836,202
19.58178,202
19.58562,202
19.58908,202
19.59274,202
19.59604,202
19.59948,202
19.60283,202
19.60716,202
19.61073,202
19.61396,202
19.61744,202
19.62077,202
19.62483,202
19.62824,202
19.6318,202
19.6352,202
19.63919,202
19.64263,202
19.64665,202
19.64991,202
19.65376,202
19.65713,202
19.6609,202
19.66462,202
19.66851,202
19.67203,202
19.67553,202
19.67903,202
19.68267,202
19.68749,202
19.6915,202
19.69633,202
19.70072,202
19.70552,202
19.70998,202
19.71575,202
19.71958,202
19.72451,202
19.73052,202
19.73454,202
19.7425,202
19.75102,202
19.75868,202
19.76759,202
19.78945,202
19.79451,202
19.7986,202
19.80271,202
19.80758,202
19.81284,202
19.81688,202
19.82133,202
19.82659,202
19.83066,202
19.83546,202
19.83973,202
19.84431,202
19.84952,202
19.8539,202
19.85815,202
19.86253,202
19.86698,202
19.87102,202
19.87524,202
19.87869,202
19.8826,202
19.88636,202
19.89043,202
19.89378,202
19.89767,202
19.90166,202
19.90604,202
19.90974,202
19.91385,202
19.91749,202
19.9221,202
19.92658,202
19.93027,202
19.93414,202
19.93819,202
19.94183,202
19.94615,202
19.94988,202
19.95432,202
19.95867,228
19.96245,228
19.96663,228
19.97049,228
19.97408,228
19.97762,228
19.9812,228
19.9855,228
19.98893,228
19.99244,228
19.99591,228
19.99938,228
20.00308,228
20.00725,228
20.01075,228
20.01462,228
20.01838,228
20.02214,228
20.02607,228
20.02973,228
20.03326,228
20.03704,228
20.04063,228
20.04508,228
20.04916,228
20.0527,228
20.05641,228
20.05977,228
20.06415,228
20.06822,228
20.07197,228
20.0755,228
20.07905,228
20.08286,228
20.08683,228
20.09064,228
20.09409,228
20.09808,228
20.10155,228
20.10563,228
20.10897,228
20.11294,228
20.11652,228
20.12022,228
20.12426,228
20.12801,228
20.13173,228
20.13534,228
20.13897,228
20.14266,228
20.14678,228
20.15022,228
20.15399,228
20.15771,228
20.16156,228
20.16562,228
20.16926,228
20.17345,228
20.1771,228
20.18117,228
20.18517,228
20.18919,228
20.19272,228
20.19727,228
20.20162,228
20.20654,228
20.21085,228
20.21498,228
20.22242,228
20.23152,228
20.23951,228
20.24871,228
20.27089,228
20.27557,228
20.27947,228
20.28373,228
20.28786,228
20.29151,228
20.29504,228
20.2995,228
20.30301,228
20.30721,228
20.31074,228
20.31521,228
20.31899,228
20.32275,228
20.3272,228
20.33157,228
20.33575,228
20.33948,228
20.34308,228
20.34731,228
20.35095,228
20.35472,228
20.35874,228
20.36282,228
20.36748,228
20.37145,228
20.37671,228
20.38173,228
20.38667,228
20.39271,228
20.39853,228
20.40445,228
20.41048,228
20.41585,228
20.42139,228
20.42773,228
20.43312,228
20.43906,228
20.44495,228
20.45063,228
20.45601,228
20.46156,226
20.46744,226
20.47189,226
20.47658,226
20.48179,226
20.48759,226
20.49311,226
20.49871,226
20.50369,226
20.50986,226
20.51555,226
20.52001,226
20.52479,226
20.53156,226
20.53645,226
20.54146,226
20.54662,226
20.55133,226
20.55705,226
20.5622,226
20.56708,226
20.57116,226
20.57554,226
20.58001,226
20.58487,226
20.58884,226
20.59334,226
20.59746,226
20.601,226
20.60572,226
20.60967,226
20.61378,226
20.61814,226
20.62237,226
20.62756,226
20.6318,226
20.63539,226
20.63944,226
20.64351,226
20.64799,226
20.6517,226
20.656,226
20.66039,226
20.66533,226
20.6697,226
20.67479,226
20.67892,226
20.68378,226
20.69013,226
20.69477,226
20.69897,226
20.70352,226
20.70942,226
20.71416,226
20.71895,226
20.72392,226
20.72954,226
20.73429,226
20.73942,226
20.74448,226
20.74989,226
20.75476,226
20.7597,226
20.76506,226
20.77071,226
20.77573,226
20.78059,226
20.78671,226
20.7914,226
20.79567,226
20.80106,226
20.80839,226
20.81661,226
20.82496,226
20.83519,226
20.85704,226
20.86195,226
20.86812,226
20.87291,226
20.87947,226
20.8853,226
20.89191,226
20.89721,226
20.90199,226
20.90736,226
20.91264,226
20.91786,226
20.92257,226
20.9287,226
20.93388,226
20.93916,226
20.94454,226
20.94981,226
20.95473,226
20.95956,188
20.96387,188
20.96946,188
20.97534,188
20.98073,188
20.98577,188
20.99064,188
20.99555,188
21.00062,188
21.00714,188
21.01147,188
21.01614,188
21.02099,188
21.0263,188
21.03118,188
21.03578,188
21.04098,188
21.0456,188
21.05039,188
21.05506,188
21.05946,188
21.06461,188
21.07046,188
21.07495,188
21.07965,188
21.08533,188
21.09064,188
21.09551,188
21.10056,188
21.10609,188
21.11079,188
21.11566,188
21.12071,188
21.12588,188
21.13286,188
21.13741,188
21.1426,188
21.14872,188
21.15356,188
21.15915,188
21.16654,188
21.17398,188
21.17972,188
21.18456,188
21.19039,188
21.19657,188
21.2021,188
21.20797,188
21.21251,188
21.21738,188
21.22208,188
21.22711,188
21.23124,188
21.23513,188
21.23906,188
21.24349,188
21.24807,188
21.25231,188
21.25699,188
21.26126,188
21.2661,188
21.27003,188
21.27455,188
21.27898,188
21.28331,188
21.2881,188
21.29272,188
21.29767,188
21.30161,188
21.30676,188
21.31064,188
21.31536,188
21.32055,188
21.32553,188
21.3295,188
21.33362,188
21.33785,188
21.34204,188
21.34757,188
21.35158,188
21.35615,188
21.36081,188
21.36556,188
21.37087,188
21.37509,188
21.38334,188
21.39225,188
21.40054,188
21.40932,188
21.43291,188
21.43717,188
21.44125,188
21.4456,188
21.44941,188
21.45296,188
21.45656,188
21.46071,192
21.46534,192
21.46984,192
21.47379,192
21.47821,192
21.48192,192
21.48635,192
21.48993,192
21.49405,192
21.49778,192
21.50153,192
21.50583,192
21.51006,192
21.51388,192
21.51758,192
21.52171,192
21.52603,192
21.52995,192
21.5338,192
21.53805,192
21.54246,192
21.54677,192
21.55059,192
21.55612,192
21.56087,192
21.56523,192
21.56946,192
21.57337,192
21.57727,192
21.5822,192
21.5868,192
21.59118,192
21.59532,192
21.59963,192
21.60434,192
21.60979,192
21.61456,192
21.61934,192
21.6237,192
21.6286,192
21.6335,192
21.63782,192
21.64244,192
21.64767,192
21.65273,192
21.65699,192
21.66147,192
21.6666,192
21.67152,192
21.67616,192
21.68165,192
21.6867,192
21.69105,192
21.6956,192
21.7005,192
21.70544,192
21.71046,192
21.7155,192
21.71998,192
21.72443,192
21.72952,192
21.73392,192
21.73845,192
21.74285,192
21.7475,192
21.75161,192
21.75568,192
21.76023,192
21.76492,192
21.76884,192
21.77289,192
21.7771,192
21.78059,192
21.78457,192
21.78787,192
21.79171,192
21.79527,192
21.79871,192
21.80231,192
21.80629,192
21.80974,192
21.81322,192
21.81664,192
21.82132,192
21.82549,192
21.82949,192
21.83324,192
21.83719,192
21.84098,192
21.8458,192
21.84962,192
21.8545,192
21.85841,192
21.86251,192
21.86793,192
21.87233,192
21.87663,192
21.88121,192
21.88679,192
21.89597,192
21.90527,192
21.91405,192
21.92254,192
21.9327,192
21.94071,192
21.94921,192
21.95893,212
21.96768,212
21.9894,212
21.99344,212
21.99704,212
22.00058,212
22.0043,212
22.00778,212
22.01263,212
22.01669,212
22.02067,212
22.02505,212
22.02969,212
22.03457,212
22.03858,212
22.0435,212
22.0487,212
22.05453,212
22.05966,212
22.06437,212
22.069,212
22.07337,212
22.07899,212
22.08357,212
22.088,212
22.09267,212
22.09755,212
22.10163,212
22.10758,212
22.1125,212
22.11671,212
22.12086,212
22.12641,212
22.13114,212
22.13554,212
22.14058,212
22.14606,212
22.15049,212
22.15554,212
22.1605,212
22.16521,212
22.17076,212
22.17534,212
22.1797,212
22.18388,212
22.18976,212
22.19415,212
22.19841,212
22.20336,212
22.20823,212
22.21269,212
22.21754,212
22.22198,212
22.22654,212
22.23102,212
22.23556,212
22.23997,212
22.244,212
22.24864,212
22.25282,212
22.25711,212
22.26061,212
22.26566,212
22.26912,212
22.27344,212
22.27772,212
22.28262,212
22.28741,212
22.29175,212
22.29588,212
22.30052,212
22.30504,212
22.30892,212
22.31381,212
22.31793,212
22.32239,212
22.32728,212
22.33169,212
22.33579,212
22.33936,212
22.34372,212
22.3482,212
22.35216,212
22.35591,212
22.36033,212
22.36452,212
22.36875,212
22.37231,212
22.37684,212
22.38165,212
22.3861,212
22.39121,212
22.39557,212
22.39956,212
22.40427,212
22.40963,212
22.41357,212
22.41798,212
22.42236,212
22.427,212
22.43145,212
22.43558,212
22.43987,212
22.4436,212
22.44755,212
22.4518,212
22.45549,212
22.45947,214
22.46641,214
22.47467,214
22.48257,214
22.49304,214
22.51488,214
22.51927,214
22.52329,214
22.52795,214
22.53188,214
22.53655,214
22.54019,214
22.54453,214
22.54932,214
22.55296,214
22.55799,214
22.56314,214
22.56875,214
22.57249,214
22.57633,214
22.58014,214
22.58554,214
22.58927,214
22.5928,214
22.59674,214
22.60027,214
22.6046,214
22.6086,214
22.61243,214
22.61582,214
22.61935,214
22.6228,214
22.62769,214
22.63219,214
22.63553,214
22.63921,214
22.64283,214
22.64683,214
22.65022,214
22.65449,214
22.65799,214
22.66273,214
22.66807,214
22.67165,214
22.67564,214
22.67938,214
22.68295,214
22.6871,214
22.69143,214
22.69563,214
22.69971,214
22.70444,214
22.70947,214
22.71363,214
22.71789,214
22.72402,214
22.72872,214
22.73282,214
22.73758,214
22.74183,214
22.7465,214
22.75142,214
22.75614,214
22.76003,214
22.76459,214
22.76843,214
22.77345,214
22.77756,214
22.78157,214
22.78724,214
22.79287,214
22.79699,214
22.80136,214
22.80622,214
22.81004,214
22.81447,214
22.81816,214
22.82208,214
22.82615,214
22.82963,214
22.83377,214
22.83743,214
22.84173,214
22.84647,214
22.85203,214
22.85613,214
22.85995,214
22.86428,214
22.86918,214
22.873,214
22.87696,214
22.8809,214
22.88555,214
22.89028,214
22.89447,214
22.8989,214
22.9027,214
22.90703,214
22.91126,214
22.91496,214
22.91854,214
22.92208,214
22.92591,214
22.93289,214
22.94071,214
22.95058,214
22.96041,212
22.98445,212
22.98885,212
22.99334,212
22.99717,212
23.00125,212
23.00563,212
23.00987,212
23.01436,212
23.01841,212
23.02272,212
23.0275,212
23.0317,212
23.03625,212
23.04163,212
23.04659,212
23.05086,212
23.05644,212
23.06073,212
23.06559,212
23.06951,212
23.07397,212
23.07799,212
23.08172,212
23.08585,212
23.09005,212
23.09373,212
23.09764,212
23.10124,212
23.1059,212
23.10975,212
23.11344,212
23.11712,212
23.12096,212
23.12535,212
23.12895,212
23.13289,212
23.13721,212
23.14148,212
23.14635,212
23.15059,212
23.15544,212
23.16028,212
23.16558,212
23.1703,212
23.17486,212
23.17951,212
23.18441,212
23.18967,212
23.1945,212
23.19874,212
23.20323,212
23.20882,212
23.21406,212
23.21844,212
23.22283,212
23.22773,212
23.23251,212
23.23751,212
23.24145,212
23.24664,212
23.25114,212
23.25561,212
23.25994,212
23.26448,212
23.26954,212
23.27371,212
23.2788,212
23.28318,212
23.28814,212
23.2936,212
23.2986,212
23.30338,212
23.30936,212
23.31399,212
23.31837,212
23.32263,212
23.3277,212
23.33117,212
23.33488,212
23.33853,212
23.34277,212
23.34696,212
23.35055,212
23.35489,212
23.35929,212
23.36291,212
23.36766,212
23.37154,212
23.37601,212
23.38017,212
23.38915,212
23.3979,212
23.4072,212
23.41907,212
23.44188,212
23.44721,212
23.4526,212
23.45667,212
23.46128,198
23.46664,198
23.47062,198
23.47469,198
23.47903,198
23.48355,198
23.48851,198
23.49308,198
23.49705,198
23.50156,198
23.50574,198
23.5099,198
23.51481,198
23.51844,198
23.52204,198
23.52609,198
23.52982,198
23.53363,198
23.5375,198
23.54163,198
23.54553,198
23.55035,198
23.5546,198
23.55879,198
23.56317,198
23.56792,198
23.57158,198
23.57579,198
23.57977,198
23.58463,198
23.59071,198
23.59573,198
23.59991,198
23.60458,198
23.61015,198
23.6146,198
23.61935,198
23.62398,198
23.62855,198
23.6335,198
23.63734,198
23.6424,198
23.64708,198
23.65259,198
23.65639,198
23.66167,198
23.66747,198
23.67151,198
23.67602,198
23.67987,198
23.68424,198
23.68957,198
23.69394,198
23.69785,198
23.70244,198
23.70699,198
23.71128,198
23.7159,198
23.71958,198
23.7241,198
23.72905,198
23.73347,198
23.73807,198
23.74228,198
23.74708,198
23.75188,198
23.7558,198
23.75976,198
23.76391,198
23.76842,198
23.77325,198
23.77723,198
23.7813,198
23.78643,198
23.79018,198
23.79455,198
23.79885,198
23.80279,198
23.80723,198
23.81131,198
23.81541,198
23.81914,198
23.82297,198
23.82747,198
23.83224,198
23.83592,198
23.83987,198
23.84422,198
23.8488,198
23.85307,198
23.85695,198
23.86104,198
23.86585,198
23.87056,198
23.87473,198
23.8791,198
23.88321,198
23.89081,198
23.89891,198
23.90704,198
23.91687,198
23.94281,198
23.94749,198
23.95181,198
23.95537,198
23.95996,210
23.9647,210
23.96886,210
23.97336,210
23.97713,210
23.98246,210
23.98819,210
23.99229,210
23.99622,210
24.00044,210
24.00483,210
24.00881,210
24.01397,210
24.01758,210
24.02185,210
24.02655,210
24.03184,210
24.0364,210
24.04031,210
24.04465,210
24.04841,210
24.0526,210
24.05668,210
24.06029,210
24.06459,210
24.06871,210
24.07249,210
24.07679,210
24.08035,210
24.08541,210
24.08943,210
24.09328,210
24.09707,210
24.10071,210
24.10472,210
24.10851,210
24.11226,210
24.11585,210
24.11971,210
24.12361,210
24.12778,210
24.13197,210
24.13533,210
24.1389,210
24.14274,210
24.14704,210
24.15109,210
24.15452,210
24.15839,210
24.16252,210
24.1666,210
24.17035,210
24.17413,210
24.1787,210
24.1822,210
24.18612,210
24.1902,210
24.19413,210
24.19768,210
24.20128,210
24.20563,210
24.20938,210
24.21292,210
24.21638,210
24.21987,210
24.22337,210
24.22748,210
24.23096,210
24.23447,210
24.23781,210
24.24165,210
24.24546,210
24.2492,210
24.2526,210
24.25629,210
24.25961,210
24.26299,210
24.26666,210
24.27054,210
24.27493,210
24.2786,210
24.2826,210
24.28636,210
24.29087,210
24.2947,210
24.29869,210
24.30213,210
24.30684,210
24.31083,210
24.31432,210
24.31789,210
24.32201,210
24.32744,210
24.3327,210
24.33703,210
24.3405,210
24.34449,210
24.34817,210
24.35193,210
24.35594,210
24.36274,210
24.3717,210
24.37905,210
24.38765,210
24.41065,210
24.41534,210
24.41877,210
24.42287,210
24.42649,210
24.43124,210
24.43462,210
24.43866,210
24.44282,210
24.44754,210
24.45137,210
24.45516,210
24.45902,232
24.46325,232
24.46732,232
24.47173,232
24.47507,232
24.47935,232
24.48277,232
24.48726,232
24.49087,232
24.49496,232
24.4987,232
24.50228,232
24.50663,232
24.51036,232
24.51425,232
24.51764,232
24.52126,232
24.5258,232
24.52936,232
24.53288,232
24.53629,232
24.54046,232
24.54442,232
24.54836,232
24.55186,232
24.55618,232
24.55966,232
24.56376,232
24.56794,232
24.57192,232
24.5756,232
24.57916,232
24.58363,232
24.58779,232
24.59186,232
24.59558,232
24.59917,232
24.60286,232
24.60724,232
24.61119,232
24.61471,232
24.61858,232
24.62267,232
24.62686,232
24.63075,232
24.63442,232
24.63878,232
24.64253,232
24.64679,232
24.65043,232
24.65492,232
24.6601,232
24.66429,232
24.66834,232
24.67223,232
24.67581,232
24.67971,232
24.68354,232
24.68801,232
24.69158,232
24.69552,232
24.69925,232
24.70318,232
24.70723,232
24.71077,232
24.71486,232
24.71836,232
24.72217,232
24.72593,232
24.72962,232
24.73344,232
24.73715,232
24.74065,232
24.74474,232
24.74872,232
24.75231,232
24.75607,232
24.75967,232
24.76392,232
24.7679,232
24.7721,232
24.77591,232
24.78019,232
24.78453,232
24.78819,232
24.7923,232
24.7961,232
24.80022,232
24.80456,232
24.80814,232
24.81262,232
24.81607,232
24.81995,232
24.82743,232
24.83565,232
24.84377,232
24.85188,232
24.87572,232
24.87977,232
24.88374,232
24.88818,232
24.89199,232
24.89623,232
24.89965,232
24.90382,232
24.9086,232
24.91235,232
24.91666,232
24.9201,232
24.92535,232
24.92934,232
24.93293,232
24.93697,232
24.94099,232
24.94544,232
24.94902,232
24.95288,232
24.95735,232
24.96092,236
24.96543,236
24.96883,236
24.97342,236
24.97697,236
24.98109,236
24.98571,236
24.98959,236
24.99365,236
24.99707,236
25.00079,236
25.00509,236
25.00861,236
25.01233,236
25.01583,236
25.02009,236
25.02418,236
25.02836,236
25.03238,236
25.03613,236
25.03976,236
25.0434,236
25.04836,236
25.0519,236
25.05598,236
25.05942,236
25.06378,236
25.0687,236
25.07244,236
25.07662,236
25.08053,236
25.08499,236
25.08954,236
25.09328,236
25.09776,236
25.10122,236
25.10569,236
25.10943,236
25.11367,236
25.1177,236
25.12124,236
25.12569,236
25.12944,236
25.1338,236
25.13763,236
25.14163,236
25.14625,236
25.14973,236
25.15435,236
25.15833,236
25.16204,236
25.16648,236
25.1699,236
25.17418,236
25.17753,236
25.18135,236
25.1853,236
25.189,236
25.19303,236
25.19665,236
25.20033,236
25.20434,236
25.20845,236
25.21202,236
25.21589,236
25.21934,236
25.22373,236
25.22896,236
25.23283,236
25.23696,236
25.24129,236
25.24557,236
25.24984,236
25.25372,236
25.25884,236
25.26431,236
25.26845,236
25.27273,236
25.27651,236
25.28015,236
25.28464,236
25.28844,236
25.29262,236
25.29626,236
25.30382,236
25.31208,236
25.32079,236
25.3289,236
25.35356,236
25.35748,236
25.36161,236
25.36567,236
25.36957,236
25.37314,236
25.37677,236
25.38032,236
25.38452,236
25.38812,236
25.39168,236
25.39557,236
25.3995,236
25.40341,236
25.40733,236
25.41109,236
25.41479,236
25.41829,236
25.42216,236
25.4262,236
25.43049,236
25.43399,236
25.43791,236
25.44146,236
25.44589,236
25.4495,236
25.45306,236
25.45732,236
25.46236,232
25.46642,232
25.46988,232
25.47369,232
25.47772,232
25.48142,232
25.48584,232
25.48936,232
25.49368,232
25.49704,232
25.50089,232
25.50481,232
25.50901,232
25.51269,232
25.51617,232
25.51982,232
25.52347,232
25.52788,232
25.53141,232
25.53531,232
25.53934,232
25.54331,232
25.54778,232
25.55134,232
25.55554,232
25.55915,232
25.56298,232
25.5669,232
25.57093,232
25.57481,232
25.57834,232
25.58239,232
25.58689,232
25.59067,232
25.59408,232
25.59775,232
25.60154,232
25.60556,232
25.60928,232
25.61279,232
25.61669,232
25.62014,232
25.62442,232
25.62784,232
25.63179,232
25.63536,232
25.6391,232
25.64266,232
25.64669,232
25.65049,232
25.65416,232
25.65763,232
25.66133,232
25.66618,232
25.66961,232
25.67371,232
25.67721,232
25.68162,232
25.68583,232
25.68952,232
25.69328,232
25.69698,232
25.70086,232
25.7047,232
25.7085,232
25.71246,232
25.71632,232
25.71984,232
25.7237,232
25.7284,232
25.73241,232
25.73639,232
25.74003,232
25.74433,232
25.74823,232
25.75198,232
25.7561,232
25.75996,232
25.76908,232
25.77719,232
25.78498,232
25.79419,232
25.80166,232
25.81366,232
25.82333,232
25.83198,232
25.84028,232
25.86299,232
25.86729,232
25.87106,232
25.87501,232
25.87832,232
25.88236,232
25.88638,232
25.89019,232
25.89377,232
25.89734,232
25.90121,232
25.90501,232
25.90883,232
25.91232,232
25.91613,232
25.91988,232
25.92334,232
25.92716,232
25.93093,232
25.93495,232
25.93858,232
25.94228,232
25.94644,232
25.95076,232
25.95418,232
25.95798,232
25.96155,226
25.96638,226
25.96999,226
25.97385,226
25.97765,226
25.98192,226
25.9862,226
25.98967,226
25.99369,226
25.99743,226
26.0011,226
26.00531,226
26.00892,226
26.01317,226
26.01657,226
26.0206,226
26.02447,226
26.02868,226
26.03325,226
26.03683,226
26.04082,226
26.04506,226
26.04892,226
26.05295,226
26.05662,226
26.06067,226
26.0647,226
26.06853,226
26.07204,226
26.07625,226
26.07959,226
26.08395,226
26.08927,226
26.09324,226
26.09733,226
26.10083,226
26.10478,226
26.1089,226
26.11284,226
26.11642,226
26.11998,226
26.1242,226
26.12814,226
26.13194,226
26.13548,226
26.13959,226
26.14312,226
26.1473,226
26.15157,226
26.15574,226
26.15972,226
26.16362,226
26.16778,226
26.17242,226
26.17598,226
26.17969,226
26.18384,226
26.18873,226
26.19251,226
26.1965,226
26.20061,226
26.2046,226
26.20826,226
26.21175,226
26.21563,226
26.21918,226
26.22292,226
26.22691,226
26.23083,226
26.23442,226
26.23787,226
26.24156,226
26.24539,226
26.24927,226
26.25356,226
26.25754,226
26.26093,226
26.26874,226
26.27693,226
26.28533,226
26.29609,226
26.32078,226
26.32488,226
26.3284,226
26.33227,226
26.33562,226
26.33928,226
26.34315,226
26.3477,226
26.35127,226
26.35481,226
26.35926,226
26.36331,226
26.36771,226
26.37161,226
26.37543,226
26.37949,226
26.38354,226
26.38756,226
26.39244,226
26.39648,226
26.40067,226
26.40556,226
26.40975,226
26.41332,226
26.41686,226
26.4219,226
26.42575,226
26.42946,226
26.43286,226
26.43649,226
26.4405,226
26.44449,226
26.44783,226
26.45138,226
26.45502,226
26.4586,232
26.46203,232
26.46595,232
26.46986,232
26.47357,232
26.4777,232
26.48128,232
26.48582,232
26.48931,232
26.49291,232
26.49642,232
26.50032,232
26.50432,232
26.50802,232
26.51149,232
26.51503,232
26.51884,232
26.52233,232
26.52624,232
26.52975,232
26.53361,232
26.53716,232
26.54083,232
26.54472,232
26.54906,232
26.55256,232
26.55621,232
26.55977,232
26.56357,232
26.56763,232
26.57128,232
26.57494,232
26.57877,232
26.58253,232
26.58628,232
26.58981,232
26.59356,232
26.59708,232
26.60047,232
26.60441,232
26.60826,232
26.61184,232
26.61534,232
26.6189,232
26.62235,232
26.62664,232
26.63037,232
26.63385,232
26.63759,232
26.6412,232
26.64508,232
26.64839,232
26.65273,232
26.65784,232
26.66148,232
26.66553,232
26.66926,232
26.67342,232
26.67691,232
26.68049,232
26.68493,232
26.68866,232
26.69242,232
26.69598,232
26.69993,232
26.70433,232
26.71233,232
26.7202,232
26.72947,232
26.73794,232
26.76296,232
26.76747,232
26.77183,232
26.77591,232
26.7799,232
26.78471,232
26.78939,232
26.79344,232
26.79779,232
26.80251,232
26.80698,232
26.81118,232
26.81627,232
26.82067,232
26.82554,232
26.83028,232
26.83532,232
26.84029,232
26.84559,232
26.85017,232
26.8549,232
26.85977,232
26.86541,232
26.87042,232
26.87525,232
26.88086,232
26.88551,232
26.89039,232
26.89565,232
26.90037,232
26.90536,232
26.91057,232
26.91523,232
26.91975,232
26.92531,232
26.93071,232
26.93552,232
26.9406,232
26.94574,232
26.95057,232
26.95574,232
26.96051,222
26.96651,222
26.97187,222
26.97576,222
26.98054,222
26.98555,222
26.99082,222
26.99545,222
27.00042,222
27.00581,222
27.01025,222
27.01531,222
27.02056,222
27.02588,222
27.03056,222
27.03625,222
27.04115,222
27.04566,222
27.05071,222
27.0556,222
27.05961,222
27.06426,222
27.07021,222
27.07489,222
27.07897,222
27.0846,222
27.09062,222
27.09474,222
27.09958,222
27.10464,222
27.10971,222
27.11686,222
27.12072,222
27.12549,222
27.12979,222
27.13447,222
27.14046,222
27.14588,222
27.14987,222
27.1546,222
27.15964,222
27.16548,222
27.16986,222
27.17465,222
27.17975,222
27.18417,222
27.1896,222
27.1949,222
27.19964,222
27.2044,222
27.2106,222
27.21531,222
27.2196,222
27.22454,222
27.23002,222
27.23561,222
27.24025,222
27.24546,222
27.25057,222
27.2556,222
27.26017,222
27.26762,222
27.27687,222
27.28775,222
27.29799,222
27.30853,222
27.33768,222
27.34257,222
27.34802,222
27.35383,222
27.35811,222
27.36284,222
27.36901,222
27.37467,222
27.38298,222
27.38893,222
27.3948,222
27.40864,222
27.41321,222
27.41741,222
27.42169,222
27.42877,222
27.43319,222
27.43766,222
27.44284,222
27.44748,222
27.45284,222
27.45794,222
27.46227,176
27.46716,176
27.47185,176
27.47773,176
27.48201,176
27.48747,176
27.49265,176
27.4987,176
27.50303,176
27.50844,176
27.5133,176
27.51738,176
27.52402,176
27.52885,176
27.5345,176
27.53893,176
27.54336,176
27.5492,176
27.55366,176
27.55841,176
27.56342,176
27.56967,176
27.57449,176
27.5786,176
27.58332,176
27.58878,176
27.59329,176
27.59767,176
27.60161,176
27.60678,176
27.61184,176
27.6172,176
27.62138,176
27.62632,176
27.63025,176
27.63453,176
27.63857,176
27.6428,176
27.64689,176
27.65075,176
27.65425,176
27.65804,176
27.66161,176
27.66684,176
27.67026,176
27.67392,176
27.6779,176
27.68187,176
27.68616,176
27.69035,176
27.69553,176
27.69954,176
27.70313,176
27.70722,176
27.71074,176
27.71497,176
27.71845,176
27.7221,176
27.72657,176
27.7318,176
27.73572,176
27.73914,176
27.74299,176
27.7471,176
27.75086,176
27.75465,176
27.75814,176
27.7623,176
27.76634,176
27.77026,176
27.77392,176
27.77819,176
27.78228,176
27.7866,176
27.79101,176
27.79498,176
27.79955,176
27.8041,176
27.80916,176
27.81662,176
27.82596,176
27.83466,176
27.84302,176
27.85185,176
27.87575,176
27.87984,176
27.88439,176
27.88957,176
27.8945,176
27.89866,176
27.90378,176
27.90924,176
27.91476,176
27.92203,176
27.92667,176
27.93164,176
27.93687,176
27.94138,176
27.94658,176
27.95233,176
27.95755,176
27.96167,202
27.96653,202
27.9712,202
27.97538,202
27.98003,202
27.98488,202
27.98869,202
27.99332,202
27.99799,202
28.00209,202
28.00661,202
28.01045,202
28.01528,202
28.01946,202
28.02333,202
28.02865,202
28.03353,202
28.03732,202
28.04139,202
28.04636,202
28.05025,202
28.05448,202
28.05856,202
28.06369,202
28.06867,202
28.07346,202
28.07819,202
28.083,202
28.08756,202
28.09226,202
28.09665,202
28.10009,202
28.10484,202
28.10892,202
28.11306,202
28.1172,202
28.12096,202
28.12568,202
28.12997,202
28.1336,202
28.13737,202
28.14153,202
28.14577,202
28.14931,202
28.15328,202
28.15718,202
28.16108,202
28.16535,202
28.16907,202
28.17317,202
28.17665,202
28.18068,202
28.18462,202
28.18877,202
28.19255,202
28.19609,202
28.19967,202
28.20337,202
28.20759,202
28.21129,202
28.21513,202
28.21891,202
28.2229,202
28.22713,202
28.23083,202
28.23533,202
28.23898,202
28.24299,202
28.24687,202
28.25103,202
28.25491,202
28.25846,202
28.26207,202
28.26656,202
28.27083,202
28.27448,202
28.2785,202
28.28255,202
28.28688,202
28.29085,202
28.29449,202
28.29883,202
28.30257,202
28.30668,202
28.31359,202
28.32185,202
28.3316,202
28.33974,202
28.36475,202
28.36918,202
28.37303,202
28.37656,202
28.38077,202
28.3847,202
28.38866,202
28.39218,202
28.39717,202
28.40127,202
28.40521,202
28.40909,202
28.41272,202
28.41665,202
28.42028,202
28.42462,202
28.42893,202
28.43323,202
28.43751,202
28.44186,202
28.44681,202
28.45122,202
28.45513,202
28.45936,222
28.4635,222
28.46748,222
28.47185,222
28.47583,222
28.47954,222
28.4832,222
28.48755,222
28.49179,222
28.49529,222
28.49927,222
28.50284,222
28.50757,222
28.5113,222
28.51508,222
28.51884,222
28.52275,222
28.52719,222
28.5309,222
28.53516,222
28.53894,222
28.54278,222
28.54729,222
28.55098,222
28.55556,222
28.55968,222
28.56349,222
28.56752,222
28.57158,222
28.57608,222
28.58015,222
28.58546,222
28.59117,222
28.59554,222
28.59929,222
28.6037,222
28.6081,222
28.61265,222
28.61699,222
28.62122,222
28.62593,222
28.62991,222
28.63451,222
28.63856,222
28.64234,222
28.64669,222
28.6507,222
28.65479,222
28.65889,222
28.66304,222
28.66807,222
28.6722,222
28.67584,222
28.68005,222
28.68435,222
28.68857,222
28.69312,222
28.69684,222
28.70219,222
28.70754,222
28.71127,222
28.71659,222
28.72096,222
28.72564,222
28.73068,222
28.73529,222
28.73954,222
28.74428,222
28.74889,222
28.75336,222
28.758,222
28.76317,222
28.76875,222
28.77288,222
28.77782,222
28.78284,222
28.78763,222
28.79347,222
28.79849,222
28.80844,222
28.82027,222
28.8307,222
28.84051,222
28.87005,222
28.87488,222
28.8793,222
28.88372,222
28.88928,222
28.89429,222
28.89866,222
28.90376,222
28.90864,222
28.91351,222
28.91871,222
28.92366,222
28.92884,222
28.93361,222
28.93872,222
28.94357,222
28.94932,222
28.95443,222
28.95915,202
28.96362,202
28.96849,202
28.97322,202
28.97824,202
28.98441,202
28.98906,202
28.99446,202
28.99965,202
29.00474,202
29.00963,202
29.01486,202
29.01939,202
29.02406,202
29.02949,202
29.03375,202
29.03803,202
29.04239,202
29.04817,202
29.05264,202
29.05744,202
29.06286,202
29.06758,202
29.07168,202
29.07667,202
29.08163,202
29.08693,202
29.09347,202
29.09854,202
29.10305,202
29.10907,202
29.11357,202
29.11801,202
29.12296,202
29.12757,202
29.13165,202
29.13585,202
29.14051,202
29.1455,202
29.14966,202
29.15444,202
29.15887,202
29.16289,202
29.16744,202
29.1718,202
29.17586,202
29.17992,202
29.18537,202
29.18963,202
29.1937,202
29.19757,202
29.20178,202
29.2062,202
29.20996,202
29.2137,202
29.21788,202
29.22201,202
29.22576,202
29.22957,202
29.23353,202
29.23786,202
29.24153,202
29.24527,202
29.24954,202
29.25295,202
29.25675,202
29.26019,202
29.26493,202
29.26848,202
29.27204,202
29.27556,202
29.27911,202
29.28285,202
29.28675,202
29.29056,202
29.29399,202
29.29824,202
29.30182,202
29.306,202
29.30955,202
29.31372,202
29.31758,202
29.32108,202
29.32614,202
29.33024,202
29.33447,202
29.33924,202
29.34313,202
29.34756,202
29.35108,202
29.35479,202
29.35819,202
29.36217,202
29.36914,202
29.37738,202
29.38564,202
29.39404,202
29.40292,202
29.42589,202
29.42989,202
29.43335,202
29.43702,202
29.44055,202
29.44456,202
29.44791,202
29.45153,202
29.45503,202
29.45861,214
29.462,214
29.46609,214
29.47,214
29.47389,214
29.47777,214
29.48133,214
29.48586,214
29.48954,214
29.49356,214
29.49698,214
29.50058,214
29.50529,214
29.5087,214
29.51252,214
29.51581,214
29.51989,214
29.52342,214
29.5275,214
29.53149,214
29.53509,214
29.53842,214
29.54182,214
29.54578,214
29.55,214
29.55376,214
29.55722,214
29.56123,214
29.5654,214
29.56978,214
29.57324,214
29.57698,214
29.58094,214
29.58501,214
29.58896,214
29.5925,214
29.59669,214
29.60016,214
29.60444,214
29.60795,214
29.61189,214
29.61559,214
29.61915,214
29.62268,214
29.62668,214
29.63074,214
29.63412,214
29.6378,214
29.64118,214
29.64534,214
29.6486,214
29.65264,214
29.65603,214
29.65995,214
29.66341,214
29.66744,214
29.67115,214
29.6751,214
29.67884,214
29.68235,214
29.68669,214
29.69053,214
29.69425,214
29.69777,214
29.7032,214
29.70929,214
29.71314,214
29.71661,214
29.72053,214
29.72496,214
29.72906,214
29.73278,214
29.73698,214
29.74045,214
29.74477,214
29.74875,214
29.75282,214
29.75635,214
29.76007,214
29.76468,214
29.76944,214
29.77349,214
29.7775,214
29.78152,214
29.78639,214
29.79053,214
29.79429,214
29.79824,214
29.80317,214
29.80767,214
29.81187,214
29.81632,214
29.82038,214
29.82516,214
29.82943,214
29.83431,214
29.83851,214
29.84269,214
29.84754,214
29.85194,214
29.85648,214
29.86139,214
29.86658,214
29.87054,214
29.87473,214
29.87948,214
29.88356,214
29.89421,214
29.90289,214
29.91197,214
29.92104,214
29.9307,214
29.93947,214
29.94669,214
29.9567,228
29.96571,228
29.97471,228
30.00242,228
30.00763,228
30.01196,228
30.0165,228
30.02081,228
30.02567,228
30.02988,228
30.03351,228
30.03744,228
30.04162,228
30.04674,228
30.05063,228
30.05479,228
30.05872,228
30.06348,228
30.06842,228
30.07238,228
30.07756,228
30.08228,228
30.08655,228
30.09162,228
30.09641,228
30.10036,228
30.10543,228
30.1106,228
30.11464,228
30.11865,228
30.1235,228
30.1283,228
30.13266,228
30.13676,228
30.14122,228
30.14599,228
30.15017,228
30.15451,228
30.15883,228
30.16291,228
30.16753,228
30.17245,228
30.17653,228
30.18132,228
30.18639,228
30.19046,228
30.19466,228
30.19865,228
30.20319,228
30.20803,228
30.21272,228
30.21733,228
30.22158,228
30.22656,228
30.23058,228
30.23559,228
30.23952,228
30.24397,228
30.24935,228
30.25366,228
30.25772,228
30.26203,228
30.26671,228
30.27159,228
30.27587,228
30.28002,228
30.28491,228
30.28892,228
30.29291,228
30.2977,228
30.30158,228
30.30639,228
30.31055,228
30.31538,228
30.31965,228
30.32379,228
30.32857,228
30.33348,228
30.33769,228
30.34305,228
30.34777,228
30.35179,228
30.35598,228
30.36076,228
30.3657,228
30.36958,228
30.37445,228
30.3784,228
30.38341,228
30.38951,228
30.39401,228
30.39825,228
30.40247,228
30.40733,228
30.41143,228
30.41558,228
30.42053,228
30.42485,228
30.42886,228
30.4327,228
30.43748,228
30.44155,228
30.44613,228
30.45145,228
30.45552,228
30.45953,210
30.46365,210
30.46835,210
30.47257,210
30.47661,210
30.48117,210
30.48651,210
30.49059,210
30.49468,210
30.49937,210
30.50355,210
30.50852,210
30.51335,210
30.51748,210
30.5215,210
30.52671,210
30.53054,210
30.53451,210
30.53905,210
30.54432,210
30.54872,210
30.55269,210
30.5567,210
30.56152,210
30.56575,210
30.56995,210
30.57553,210
30.57953,210
30.58388,210
30.58887,210
30.59358,210
30.59796,210
30.60224,210
30.60725,210
30.6115,210
30.61561,210
30.61954,210
30.62447,210
30.62907,210
30.63337,210
30.63841,210
30.64268,210
30.64735,210
30.65205,210
30.65622,210
30.66048,210
30.66559,210
30.67089,210
30.67487,210
30.67932,210
30.68352,210
30.68854,210
30.69565,210
30.70425,210
30.71256,210
30.72225,210
30.73125,210
30.76162,210
30.76667,210
30.77167,210
30.77643,210
30.78084,210
30.78559,210
30.79025,210
30.79455,210
30.7997,210
30.80447,210
30.80969,210
30.81441,210
30.81933,210
30.82369,210
30.82898,210
30.83361,210
30.83787,210
30.84178,210
30.84704,210
30.85185,210
30.85591,210
30.86087,210
30.86535,210
30.86957,210
30.87429,210
30.87873,210
30.883,210
30.88799,210
30.89307,210
30.89723,210
30.90181,210
30.90558,210
30.91038,210
30.91475,210
30.91863,210
30.92405,210
30.9287,210
30.93273,210
30.93755,210
30.94236,210
30.94658,210
30.95131,210
30.95618,210
30.96021,200
30.96521,200
30.96906,200
30.97352,200
30.9778,200
30.98166,200
30.98698,200
30.9914,200
30.9956,200
30.99963,200
31.00476,200
31.00903,200
31.01344,200
31.0183,200
31.02249,200
31.0271,200
31.03153,200
31.03584,200
31.04041,200
31.04551,200
31.05021,200
31.0545,200
31.05836,200
31.06297,200
31.06714,200
31.07096,200
31.07457,200
31.07836,200
31.08263,200
31.08694,200
31.09037,200
31.09436,200
31.09843,200
31.10213,200
31.10594,200
31.10948,200
31.11345,200
31.11695,200
31.1204,200
31.12465,200
31.12915,200
31.13311,200
31.13674,200
31.14047,200
31.1448,200
31.14852,200
31.15246,200
31.15574,200
31.15959,200
31.1638,200
31.16753,200
31.17155,200
31.17498,200
31.17886,200
31.18269,200
31.18653,200
31.19025,200
31.19401,200
31.19778,200
31.20104,200
31.20473,200
31.20903,200
31.21262,200
31.21674,200
31.22082,200
31.22489,200
31.22838,200
31.2317,200
31.23505,200
31.23833,200
31.24213,200
31.24588,200
31.24933,200
31.25263,200
31.25667,200
31.26023,200
31.26418,200
31.26767,200
31.27126,200
31.27486,200
31.27826,200
31.28189,200
31.28556,200
31.28948,200
31.29288,200
31.29641,200
31.29981,200
31.30338,200
31.30751,200
31.31105,200
31.31445,200
31.31806,200
31.32166,200
31.32553,200
31.32896,200
31.33252,200
31.33609,200
31.39801,200
31.40532,200
31.41283,200
31.41916,200
31.42605,200
31.43303,200
31.43983,200
31.44771,200
31.45516,210
31.46237,210
31.47016,210
31.47736,210
31.48477,210
31.49247,210
31.4994,210
31.50628,210
31.5388,210
31.54238,210
31.54642,210
31.54976,210
31.55325,210
31.55711,210
31.56104,210
31.56479,210
31.56838,210
31.57242,210
31.57587,210
31.57925,210
31.58279,210
31.58694,210
31.5905,210
31.5939,210
31.5973,210
31.6008,210
31.60501,210
31.6086,210
31.61211,210
31.61565,210
31.61958,210
31.6234,210
31.62717,210
31.63087,210
31.6345,210
31.63844,210
31.64205,210
31.64623,210
31.6503,210
31.6539,210
31.65762,210
31.66119,210
31.66601,210
31.66941,210
31.67333,210
31.67669,210
31.68066,210
31.68497,210
31.68842,210
31.69212,210
31.69571,210
31.69999,210
31.7035,210
31.70805,210
31.7116,210
31.71599,210
31.72022,210
31.72412,210
31.72807,210
31.73302,210
31.737,210
31.74111,210
31.74567,210
31.74978,210
31.75397,210
31.75753,210
31.76243,210
31.76623,210
31.77067,210
31.77414,210
31.77887,210
31.78304,210
31.78723,210
31.79186,210
31.79579,210
31.79967,210
31.80352,210
31.8078,210
31.81295,210
31.81717,210
31.82063,210
31.82611,210
31.82952,210
31.83384,210
31.83804,210
31.84161,210
31.84625,210
31.85008,210
31.85409,210
31.85851,210
31.86255,210
31.86738,210
31.87256,210
31.87631,210
31.88067,210
31.88479,210
31.88918,210
31.89357,210
31.89744,210
31.90178,210
31.90671,210
31.91066,210
31.91482,210
31.91907,210
31.92345,210
31.92846,210
31.93235,210
31.93687,210
31.94095,210
31.94552,210
31.94952,210
31.95365,210
31.95838,224
31.96288,224
31.96727,224
31.97183,224
31.97602,224
31.98024,224
31.98546,224
31.98934,224
31.99342,224
31.99767,224
32.00257,224
32.00716,224
32.01251,224
32.01696,224
32.02116,224
32.02593,224
32.0302,224
32.03444,224
32.03868,224
32.04263,224
32.04766,224
32.0525,224
32.05631,224
32.06129,224
32.06562,224
32.07002,224
32.07428,224
32.0787,224
32.08305,224
32.08747,224
32.09182,224
32.09633,224
32.10063,224
32.10512,224
32.10973,224
32.11448,224
32.11884,224
32.12382,224
32.12859,224
32.13306,224
32.13762,224
32.14242,224
32.14738,224
32.15194,224
32.1567,224
32.16128,224
32.16629,224
32.17074,224
32.17545,224
32.18058,224
32.18566,224
32.1897,224
32.1945,224
32.19853,224
32.20309,224
32.20757,224
32.21171,224
32.21575,224
32.22012,224
32.22437,224
32.22854,224
32.23226,224
32.23662,224
32.24088,224
32.24483,224
32.24879,224
32.25262,224
32.25632,224
32.25997,224
32.26439,224
32.26913,224
32.27277,224
32.27706,224
32.28066,224
32.28541,224
32.28929,224
32.29325,224
32.29784,224
32.30219,224
32.30682,224
32.31173,224
32.31687,224
32.32104,224
32.32596,224
32.33072,224
32.33489,224
32.33945,224
32.34768,224
32.35674,224
32.36566,224
32.37484,224
32.38313,224
32.39093,224
32.39816,224
32.42883,224
32.43337,224
32.43723,224
32.44202,224
32.44627,224
32.45041,224
32.45465,224
32.45866,202
32.46292,202
32.46699,202
32.47105,202
32.47552,202
32.47921,202
32.48364,202
32.48852,202
32.49282,202
32.49664,202
32.50034,202
32.50485,202
32.50846,202
32.51255,202
32.51607,202
32.51997,202
32.5241,202
32.52824,202
32.53207,202
32.53604,202
32.53986,202
32.54377,202
32.54787,202
32.5521,202
32.556,202
32.56057,202
32.56462,202
32.56928,202
32.57353,202
32.57742,202
32.58236,202
32.58622,202
32.59032,202
32.59397,202
32.59817,202
32.60201,202
32.6064,202
32.61089,202
32.61497,202
32.61862,202
32.62278,202
32.62732,202
32.63167,202
32.63528,202
32.63903,202
32.64307,202
32.64714,202
32.65112,202
32.65462,202
32.65882,202
32.66257,202
32.66686,202
32.67081,202
32.67501,202
32.67884,202
32.68249,202
32.6869,202
32.69079,202
32.69476,202
32.6985,202
32.70226,202
32.70732,202
32.71111,202
32.71509,202
32.71881,202
32.72298,202
32.72732,202
32.73096,202
32.735,202
32.73886,202
32.74289,202
32.74714,202
32.75122,202
32.75529,202
32.759,202
32.76292,202
32.76717,202
32.77107,202
32.77479,202
32.77836,202
32.7826,202
32.78648,202
32.79029,202
32.79377,202
32.79765,202
32.80173,202
32.80602,202
32.81015,202
32.81374,202
32.8177,202
32.82124,202
32.82536,202
32.8289,202
32.83347,202
32.83734,202
32.84114,202
32.84528,202
32.84896,202
32.85309,202
32.85662,202
32.86069,202
32.86488,202
32.86847,202
32.87259,202
32.87617,202
32.88072,202
32.88491,202
32.88884,202
32.89257,202
32.89668,202
32.90086,202
32.90483,202
32.90894,202
32.91349,202
32.91706,202
32.92093,202
32.92497,202
32.92899,202
32.93293,202
32.93663,202
32.94007,202
32.94479,202
32.94847,202
32.95209,202
32.95635,202
32.96012,250
32.96445,250
32.96806,250
32.97196,250
32.97689,250
32.9809,250
32.98552,250
32.98959,250
32.99349,250
32.99724,250
33.00087,250
33.00547,250
33.00912,250
33.01311,250
33.01656,250
33.02026,250
33.02479,250
33.0284,250
33.03255,250
33.03614,250
33.04075,250
33.04477,250
33.04852,250
33.05271,250
33.05656,250
33.06048,250
33.0645,250
33.06896,250
33.07286,250
33.0797,250
33.08807,250
33.09668,250
33.10533,250
33.11456,250
33.12203,250
33.13025,250
33.16103,250
33.16558,250
33.16919,250
33.1733,250
33.17753,250
33.18158,250
33.1866,250
33.19057,250
33.19471,250
33.19853,250
33.2023,250
33.20741,250
33.21093,250
33.21497,250
33.21867,250
33.2236,250
33.2288,250
33.23362,250
33.23857,250
33.24343,250
33.24847,250
33.2532,250
33.25768,250
33.26268,250
33.26835,250
33.27255,250
33.27739,250
33.28201,250
33.28695,250
33.29152,250
33.29671,250
33.30136,250
33.30639,250
33.31149,250
33.31677,250
33.32132,250
33.32661,250
33.33232,250
33.33654,250
33.34121,250
33.34714,250
33.35207,250
33.35641,250
33.36146,250
33.3666,250
33.37094,250
33.37589,250
33.38057,250
33.38563,250
33.39062,250
33.39577,250
33.40166,250
33.4086,250
33.41375,250
33.41848,250
33.42368,250
33.42898,250
33.43369,250
33.43802,250
33.44256,250
33.44759,250
33.45176,250
33.45625,250
33.46032,198
33.46472,198
33.46944,198
33.47348,198
33.47749,198
33.48143,198
33.48743,198
33.4927,198
33.49713,198
33.5014,198
33.50648,198
33.51054,198
33.51484,198
33.51893,198
33.52298,198
33.52758,198
33.53237,198
33.53638,198
33.54065,198
33.54509,198
33.54958,198
33.55361,198
33.55775,198
33.56262,198
33.56697,198
33.5709,198
33.57494,198
33.57896,198
33.58298,198
33.58836,198
33.5932,198
33.59786,198
33.60226,198
33.60624,198
33.611,198
33.61491,198
33.61853,198
33.62333,198
33.628,198
33.63292,198
33.63774,198
33.64132,198
33.64648,198
33.65116,198
33.65575,198
33.66056,198
33.66555,198
33.66997,198
33.67466,198
33.67953,198
33.68371,198
33.68924,198
33.69413,198
33.69941,198
33.70537,198
33.70997,198
33.71463,198
33.7193,198
33.72351,198
33.72854,198
33.73365,198
33.73782,198
33.74239,198
33.74795,198
33.75206,198
33.75668,198
33.76163,198
33.76669,198
33.77068,198
33.77605,198
33.78043,198
33.78545,198
33.79069,198
33.79576,198
33.8,198
33.80555,198
33.81145,198
33.81614,198
33.82061,198
33.82629,198
33.83084,198
33.83533,198
33.84014,198
33.84562,198
33.84985,198
33.85475,198
33.86006,198
33.86563,198
33.86982,198
33.87423,198
33.87854,198
33.88299,198
33.88806,198
33.89188,198
33.89631,198
33.90057,198
33.90503,198
33.90898,198
33.91343,198
33.91708,198
33.92126,198
33.92588,198
33.93016,198
33.93412,198
33.93863,198
33.94645,198
33.95609,212
33.96365,212
33.97171,212
33.97915,212
33.9874,212
33.99508,212
34.02902,212
34.03418,212
34.03783,212
34.04218,212
34.04729,212
34.05078,212
34.05541,212
34.05986,212
34.0645,212
34.06964,212
34.07465,212
34.07839,212
34.08282,212
34.08714,212
34.0913,212
34.09547,212
34.09927,212
34.10399,212
34.10876,212
34.11241,212
34.11622,212
34.11963,212
34.12396,212
34.1279,212
34.13156,212
34.13514,212
34.13931,212
34.14345,212
34.14736,212
34.15149,212
34.15559,212
34.15965,212
34.16341,212
34.16758,212
34.17245,212
34.1764,212
34.18014,212
34.18524,212
34.18941,212
34.19349,212
34.19699,212
34.20115,212
34.20533,212
34.20893,212
34.21295,212
34.21649,212
34.22031,212
34.22418,212
34.22807,212
34.2318,212
34.2356,212
34.23922,212
34.24291,212
34.2476,212
34.25122,212
34.2551,212
34.25863,212
34.26278,212
34.26666,212
34.27031,212
34.2738,212
34.27814,212
34.28185,212
34.28573,212
34.28945,212
34.29332,212
34.29703,212
34.3005,212
34.30485,212
34.30915,212
34.31269,212
34.3162,212
34.31961,212
34.32339,212
34.32722,212
34.33117,212
34.33472,212
34.33923,212
34.34275,212
34.34692,212
34.35032,212
34.3544,212
34.35825,212
34.36192,212
34.36607,212
34.36937,212
34.37354,212
34.377,212
34.38089,212
34.38468,212
34.38885,212
34.39282,212
34.3964,212
34.40019,212
34.4045,212
34.40814,212
34.41186,212
34.41567,212
34.41951,212
34.42332,212
34.42759,212
34.43136,212
34.43547,212
34.43923,212
34.44337,212
34.44727,212
34.45148,212
34.45544,212
34.45903,228
34.46297,228
34.46701,228
34.47082,228
34.47419,228
34.47794,228
34.48145,228
34.48582,228
34.48968,228
34.49324,228
34.49706,228
34.50104,228
34.5054,228
34.50882,228
34.51262,228
34.51634,228
34.52036,228
34.52461,228
34.52821,228
34.53285,228
34.53628,228
34.53999,228
34.54343,228
34.54808,228
34.55156,228
34.55547,228
34.55955,228
34.56413,228
34.56849,228
34.57216,228
34.57632,228
34.58033,228
34.58449,228
34.58838,228
34.59211,228
34.5961,228
34.59953,228
34.6031,228
34.60691,228
34.61071,228
34.61452,228
34.61801,228
34.62172,228
34.62603,228
34.62967,228
34.63317,228
34.63721,228
34.64104,228
34.645,228
34.64864,228
34.65242,228
34.65651,228
34.66019,228
34.66423,228
34.66771,228
34.6718,228
34.67549,228
34.67943,228
34.68311,228
34.68764,228
34.69194,228
34.69555,228
34.69964,228
34.70345,228
34.7081,228
34.71209,228
34.7157,228
34.71977,228
34.72336,228
34.72764,228
34.73127,228
34.7356,228
34.73956,228
34.74347,228
34.74792,228
34.75213,228
34.75599,228
34.76312,228
34.77209,228
34.77978,228
34.78757,228
34.79531,228
34.80356,228
34.81171,228
34.84272,228
34.84709,228
34.85073,228
34.85433,228
34.85794,228
34.86187,228
34.86607,228
34.86946,228
34.87347,228
34.87694,228
34.88066,228
34.88461,228
34.88868,228
34.89259,228
34.89619,228
34.89992,228
34.90353,228
34.90813,228
34.91164,228
34.91539,228
34.91899,228
34.92294,228
34.92691,228
34.93054,228
34.93427,228
34.9381,228
34.94186,228
34.94562,228
34.94934,228
34.95305,228
34.95698,228
34.96041,230
34.96474,230
34.96882,230
34.97241,230
34.97602,230
34.97997,230
34.98423,230
34.98849,230
34.99324,230
34.99885,230
35.00246,230
35.00731,230
35.01139,230
35.01566,230
35.02002,230
35.0248,230
35.02827,230
35.03334,230
35.03675,230
35.04128,230
35.04666,230
35.05011,230
35.05455,230
35.05816,230
35.06304,230
35.06812,230
35.07241,230
35.07668,230
35.08143,230
35.08574,230
35.08991,230
35.09428,230
35.09811,230
35.10243,230
35.1069,230
35.11176,230
35.11633,230
35.12024,230
35.12574,230
35.13017,230
35.13446,230
35.1387,230
35.14365,230
35.14859,230
35.15273,230
35.1575,230
35.16161,230
35.16667,230
35.17186,230
35.17583,230
35.18041,230
35.1857,230
35.19095,230
35.19537,230
35.20021,230
35.20546,230
35.20953,230
35.21444,230
35.21941,230
35.2235,230
35.22821,230
35.23261,230
35.2367,230
35.24099,230
35.24534,230
35.25051,230
35.25451,230
35.25846,230
35.2632,230
35.26921,230
35.27459,230
35.27888,230
35.28371,230
35.28844,230
35.29255,230
35.29798,230
35.30297,230
35.30746,230
35.31207,230
35.3176,230
35.32208,230
35.32681,230
35.33149,230
35.3354,230
35.33965,230
35.34406,230
35.34826,230
35.35286,230
35.35683,230
35.36076,230
35.3656,230
35.36898,230
35.37344,230
35.37715,230
35.38121,230
35.38588,230
35.3894,230
35.39418,230
35.39857,230
35.40251,230
35.40709,230
35.4115,230
35.41576,230
35.41983,230
35.42396,230
35.42882,230
35.433,230
35.43736,230
35.44242,230
35.44661,230
35.45057,230
35.45538,230
35.45925,224
35.46349,224
35.46871,224
35.47324,224
35.47733,224
35.48132,224
35.48589,224
35.49006,224
35.49405,224
35.49821,224
35.50196,224
35.50613,224
35.50953,224
35.51322,224
35.51685,224
35.52105,224
35.52521,224
35.52921,224
35.5341,224
35.53851,224
35.54266,224
35.54722,224
35.55157,224
35.55573,224
35.56046,224
35.56466,224
35.56914,224
35.57422,224
35.58077,224
35.58466,224
35.58849,224
35.59267,224
35.59694,224
35.60143,224
35.60553,224
35.60989,224
35.61417,224
35.62169,224
35.63094,224
35.63921,224
35.64749,224
35.65542,224
35.66449,224
35.67346,224
35.70754,224
35.71258,224
35.7161,224
35.72011,224
35.72485,224
35.72913,224
35.73463,224
35.7384,224
35.74228,224
35.74691,224
35.75045,224
35.75464,224
35.75817,224
35.76205,224
35.76586,224
35.77005,224
35.77372,224
35.77736,224
35.78123,224
35.78589,224
35.79034,224
35.79396,224
35.79819,224
35.80215,224
35.8065,224
35.8102,224
35.81409,224
35.81842,224
35.82218,224
35.82651,224
35.83004,224
35.83408,224
35.83752,224
35.84133,224
35.84588,224
35.85018,224
35.85419,224
35.85832,224
35.86234,224
35.86691,224
35.87025,224
35.87446,224
35.87918,224
35.88361,224
35.88806,224
35.89255,224
35.89683,224
35.90125,224
35.90562,224
35.90965,224
35.9138,224
35.91783,224
35.92224,224
35.92731,224
35.93132,224
35.93537,224
35.93877,224
35.94376,224
35.9479,224
35.95187,224
35.9561,224
35.96027,210
35.96469,210
35.96879,210
35.97234,210
35.97645,210
35.98044,210
35.98439,210
35.98828,210
35.99276,210
35.99696,210
36.00018,210
36.00452,210
36.00923,210
36.01286,210
36.01702,210
36.02052,210
36.02498,210
36.0289,210
36.0332,210
36.03666,210
36.0407,210
36.04519,210
36.04855,210
36.05264,210
36.0564,210
36.06044,210
36.06417,210
36.06818,210
36.07267,210
36.07651,210
36.08003,210
36.08418,210
36.08838,210
36.09222,210
36.09618,210
36.10057,210
36.10539,210
36.1094,210
36.11383,210
36.11828,210
36.12246,210
36.12685,210
36.13132,210
36.13636,210
36.1402,210
36.14469,210
36.15133,210
36.15704,210
36.16173,210
36.16833,210
36.17253,210
36.17656,210
36.18118,210
36.18568,210
36.18982,210
36.19438,210
36.19859,210
36.20265,210
36.20728,210
36.2116,210
36.21569,210
36.21998,210
36.22436,210
36.22897,210
36.23345,210
36.23744,210
36.2419,210
36.24661,210
36.25062,210
36.25542,210
36.25961,210
36.26375,210
36.26865,210
36.27386,210
36.27778,210
36.28242,210
36.28751,210
36.29153,210
36.29569,210
36.29973,210
36.30428,210
36.30873,210
36.31284,210
36.31768,210
36.32189,210
36.32642,210
36.33058,210
36.33481,210
36.33927,210
36.34301,210
36.3483,210
36.35286,210
36.35741,210
36.36146,210
36.36655,210
36.37102,210
36.37542,210
36.38005,210
36.385,210
36.38946,210
36.39442,210
36.39886,210
36.40327,210
36.40798,210
36.41258,210
36.41661,210
36.42098,210
36.42643,210
36.43113,210
36.43855,210
36.44799,210
36.45684,222
36.46526,222
36.47499,222
36.48447,222
36.4942,222
36.53008,222
36.53565,222
36.54082,222
36.54595,222
36.55042,222
36.55581,222
36.56158,222
36.56701,222
36.57261,222
36.57719,222
36.58227,222
36.58797,222
36.59258,222
36.59724,222
36.60237,222
36.60743,222
36.61146,222
36.61664,222
36.62086,222
36.62539,222
36.63071,222
36.63586,222
36.64007,222
36.64516,222
36.64975,222
36.65424,222
36.65923,222
36.66468,222
36.66942,222
36.67421,222
36.67881,222
36.68272,222
36.68725,222
36.69154,222
36.69561,222
36.69974,222
36.70386,222
36.70843,222
36.71325,222
36.71728,222
36.72142,222
36.72637,222
36.73038,222
36.73436,222
36.73847,222
36.7432,222
36.7482,222
36.75258,222
36.75804,222
36.76341,222
36.76856,222
36.77321,222
36.77777,222
36.78259,222
36.78746,222
36.79234,222
36.79737,222
36.80157,222
36.8066,222
36.81144,222
36.81578,222
36.81995,222
36.82553,222
36.83058,222
36.83451,222
36.83926,222
36.84311,222
36.84729,222
36.852,222
36.85578,222
36.85951,222
36.8636,222
36.86897,222
36.87476,222
36.87952,222
36.88353,222
36.88849,222
36.89288,222
36.89682,222
36.90169,222
36.90635,222
36.91039,222
36.91462,222
36.91872,222
36.92324,222
36.92799,222
36.93184,222
36.93666,222
36.94039,222
36.94533,222
36.94935,222
36.95402,222
36.95844,194
36.96291,194
36.96766,194
36.97224,194
36.97598,194
36.9799,194
36.98419,194
36.98868,194
36.99246,194
36.99614,194
37.00047,194
37.00465,194
37.00794,194
37.01168,194
37.01561,194
37.01948,194
37.02327,194
37.02778,194
37.03215,194
37.03579,194
37.03964,194
37.04311,194
37.04766,194
37.0511,194
37.05468,194
37.05822,194
37.06263,194
37.06705,194
37.07064,194
37.07461,194
37.07846,194
37.08247,194
37.08673,194
37.09048,194
37.09486,194
37.09949,194
37.10475,194
37.1092,194
37.11271,194
37.1165,194
37.12005,194
37.12462,194
37.12883,194
37.13222,194
37.13604,194
37.13998,194
37.14411,194
37.14791,194
37.15177,194
37.15642,194
37.15987,194
37.16363,194
37.16793,194
37.17245,194
37.17596,194
37.18021,194
37.18517,194
37.18928,194
37.19431,194
37.19875,194
37.20381,194
37.20874,194
37.2136,194
37.21883,194
37.22328,194
37.22839,194
37.23357,194
37.2375,194
37.24186,194
37.24723,194
37.25148,194
37.2564,194
37.2616,194
37.26669,194
37.27138,194
37.27576,194
37.28053,194
37.28539,194
37.29059,194
37.29575,194
37.29962,194
37.30366,194
37.30843,194
37.31297,194
37.31743,194
37.32467,194
37.33457,194
37.3446,194
37.35527,194
37.36298,194
37.37384,194
37.38201,194
37.41861,194
37.42354,194
37.42865,194
37.43263,194
37.43757,194
37.44202,194
37.44666,194
37.4507,194
37.45586,194
37.46086,202
37.46558,202
37.47062,202
37.47475,202
37.47901,202
37.48369,202
37.48861,202
37.49295,202
37.49885,202
37.50409,202
37.50861,202
37.51409,202
37.51866,202
37.52274,202
37.52832,202
37.5335,202
37.53835,202
37.54403,202
37.54842,202
37.5527,202
37.55887,202
37.56385,202
37.56851,202
37.57287,202
37.5775,202
37.58212,202
37.58808,202
37.59273,202
37.5971,202
37.60148,202
37.60663,202
37.61202,202
37.61641,202
37.62143,202
37.62587,202
37.63038,202
37.63644,202
37.64059,202
37.64548,202
37.65009,202
37.65498,202
37.66019,202
37.66524,202
37.67033,202
37.67461,202
37.67943,202
37.68541,202
37.6908,202
37.69544,202
37.69981,202
37.70472,202
37.71049,202
37.71526,202
37.72022,202
37.72487,202
37.72963,202
37.73529,202
37.73965,202
37.74447,202
37.74942,202
37.75558,202
37.75958,202
37.7644,202
37.76898,202
37.77343,202
37.77954,202
37.78417,202
37.78897,202
37.79301,202
37.79768,202
37.8024,202
37.80729,202
37.812,202
37.81629,202
37.82057,202
37.82511,202
37.83113,202
37.83505,202
37.83944,202
37.84439,202
37.84895,202
37.85455,202
37.8593,202
37.86367,202
37.86852,202
37.8732,202
37.87786,202
37.8823,202
37.88726,202
37.89246,202
37.89684,202
37.9028,202
37.90968,202
37.91452,202
37.91854,202
37.92319,202
37.92817,202
37.93253,202
37.93698,202
37.94348,202
37.94832,202
37.95267,202
37.95741,202
37.96184,206
37.96647,206
37.97144,206
37.97609,206
37.98048,206
37.9854,206
37.99039,206
37.99465,206
37.99946,206
38.00455,206
38.00968,206
38.01421,206
38.0195,206
38.02399,206
38.02858,206
38.03313,206
38.03787,206
38.04231,206
38.04735,206
38.05251,206
38.05668,206
38.0613,206
38.06701,206
38.07121,206
38.07549,206
38.07964,206
38.08453,206
38.08936,206
38.09363,206
38.09797,206
38.10254,206
38.10757,206
38.11124,206
38.11611,206
38.12029,206
38.17036,206
38.17887,206
38.18557,206
38.19314,206
38.19918,206
38.20513,206
38.212,206
38.21795,206
38.22413,206
38.23179,206
38.24085,206
38.24705,206
38.25259,206
38.25892,206
38.26752,206
38.27986,206
38.28587,206
38.29148,206
38.29688,206
38.30289,206
38.30868,206
38.31347,206
38.31901,206
38.32415,206
38.33567,206
38.34553,206
38.35518,206
38.36676,206
38.37886,206
38.38699,206
38.39808,206
38.40522,206
38.41704,206
38.42568,206
38.43403,206
38.4427,206
38.45071,206
38.45945,144
38.46772,144
38.50178,144
38.50752,144
38.51191,144
38.51537,144
38.519,144
38.52294,144
38.5272,144
38.5311,144
38.53463,144
38.53856,144
38.54251,144
38.54662,144
38.55019,144
38.55412,144
38.55947,144
38.56398,144
38.56822,144
38.57436,144
38.57951,144
38.58323,144
38.5877,144
38.59241,144
38.5964,144
38.60021,144
38.60461,144
38.60834,144
38.61213,144
38.61604,144
38.61956,144
38.62377,144
38.62785,144
38.6318,144
38.63614,144
38.64,144
38.64406,144
38.64853,144
38.6526,144
38.65648,144
38.66032,144
38.66492,144
38.66909,144
38.67382,144
38.67768,144
38.6819,144
38.68608,144
38.69004,144
38.69419,144
38.69882,144
38.70301,144
38.70855,144
38.7131,144
38.71679,144
38.72099,144
38.72546,144
38.72942,144
38.73326,144
38.73698,144
38.74119,144
38.74566,144
38.74983,144
38.7537,144
38.75747,144
38.76182,144
38.76602,144
38.76971,144
38.7735,144
38.77747,144
38.7814,144
38.78543,144
38.78915,144
38.79332,144
38.79732,144
38.8016,144
38.80579,144
38.81118,144
38.81728,144
38.82084,144
38.82565,144
38.82955,144
38.83344,144
38.83763,144
38.84152,144
38.84583,144
38.84946,144
38.85363,144
38.85781,144
38.8616,144
38.86628,144
38.86983,144
38.87449,144
38.87881,144
38.88269,144
38.88778,144
38.8919,144
38.89631,144
38.90063,144
38.90515,144
38.90918,144
38.91323,144
38.91708,144
38.92166,144
38.92582,144
38.93002,144
38.93429,144
38.93833,144
38.94315,144
38.94758,144
38.9519,144
38.95641,144
38.95994,222
38.96459,222
38.96957,222
38.97327,222
38.97722,222
